id,"name","flavor_group","category","created_at","updated_at",creator_id,updater_id
1,"celery","vegetable","odor","2011-10-02 06:10:04","2011-10-02 06:10:04",NULL,NULL
2,"corn","vegetable","odor","2011-10-02 06:10:04","2011-10-02 06:10:04",NULL,NULL
3,"cucumber","vegetable","odor","2011-10-02 06:10:04","2011-10-02 06:10:04",NULL,NULL
4,"horseradish","vegetable","odor","2011-10-02 06:10:05","2011-10-02 06:10:05",NULL,NULL
5,"vegetable","vegetable","odor","2011-10-02 06:10:05","2011-10-02 06:10:05",NULL,NULL
6,"potato","vegetable","odor","2011-10-02 06:10:05","2011-10-02 06:10:05",NULL,NULL
7,"tomato","vegetable","odor","2011-10-02 06:10:05","2011-10-02 06:10:05",NULL,NULL
8,"caraway","herbaceous","odor","2011-10-02 06:10:05","2011-10-02 06:10:05",NULL,NULL
9,"clove","herbaceous","odor","2011-10-02 06:10:05","2011-10-02 06:10:05",NULL,NULL
10,"fennel","herbaceous","odor","2011-10-02 06:10:05","2011-10-02 06:10:05",NULL,NULL
11,"herbaceous","herbaceous","odor","2011-10-02 06:10:05","2011-10-02 06:10:05",NULL,NULL
12,"sage","herbaceous","odor","2011-10-02 06:10:05","2011-10-02 06:10:05",NULL,NULL
13,"butter","fatty","odor","2011-10-02 06:10:05","2011-10-02 06:10:05",NULL,NULL
14,"cheese","fatty","odor","2011-10-02 06:10:06","2011-10-02 06:10:06",NULL,NULL
15,"creamy","fatty","odor","2011-10-02 06:10:06","2011-10-02 06:10:06",NULL,NULL
16,"hop_oil","fatty","odor","2011-10-02 06:10:06","2011-10-02 06:10:06",NULL,NULL
17,"oily","fatty","odor","2011-10-02 06:10:06","2011-10-02 06:10:06",NULL,NULL
18,"fatty","fatty","odor","2011-10-02 06:10:06","2011-10-02 06:10:06",NULL,NULL
19,"sour","fatty","odor","2011-10-02 06:10:06","2011-10-02 06:10:06",NULL,NULL
20,"coumarin","spicy","odor","2011-10-02 06:10:06","2011-10-02 06:10:06",NULL,NULL
21,"spicy","spicy","odor","2011-10-02 06:10:06","2011-10-02 06:10:06",NULL,NULL
22,"blossom","floral","odor","2011-10-02 06:10:06","2011-10-02 06:10:06",NULL,NULL
23,"carnation","floral","odor","2011-10-02 06:10:07","2011-10-02 06:10:07",NULL,NULL
24,"gardenia","floral","odor","2011-10-02 06:10:07","2011-10-02 06:10:07",NULL,NULL
25,"geranium","floral","odor","2011-10-02 06:10:07","2011-10-02 06:10:07",NULL,NULL
26,"hawthorne","floral","odor","2011-10-02 06:10:07","2011-10-02 06:10:07",NULL,NULL
27,"hyacinth","floral","odor","2011-10-02 06:10:08","2011-10-02 06:10:08",NULL,NULL
28,"iris","floral","odor","2011-10-02 06:10:09","2011-10-02 06:10:09",NULL,NULL
29,"jasmine","floral","odor","2011-10-02 06:10:09","2011-10-02 06:10:09",NULL,NULL
30,"lavender","floral","odor","2011-10-02 06:10:09","2011-10-02 06:10:09",NULL,NULL
31,"lily","floral","odor","2011-10-02 06:10:09","2011-10-02 06:10:09",NULL,NULL
32,"marigold","floral","odor","2011-10-02 06:10:09","2011-10-02 06:10:09",NULL,NULL
33,"floral","floral","odor","2011-10-02 06:10:09","2011-10-02 06:10:09",NULL,NULL
34,"rose","floral","odor","2011-10-02 06:10:10","2011-10-02 06:10:10",NULL,NULL
35,"violet","floral","odor","2011-10-02 06:10:10","2011-10-02 06:10:10",NULL,NULL
36,"anise","balsamic","odor","2011-10-02 06:10:10","2011-10-02 06:10:10",NULL,NULL
37,"balsam","balsamic","odor","2011-10-02 06:10:10","2011-10-02 06:10:10",NULL,NULL
38,"butterscotch","balsamic","odor","2011-10-02 06:10:10","2011-10-02 06:10:10",NULL,NULL
39,"caramel","balsamic","odor","2011-10-02 06:10:10","2011-10-02 06:10:10",NULL,NULL
40,"chocolate","balsamic","odor","2011-10-02 06:10:10","2011-10-02 06:10:10",NULL,NULL
41,"cinnamon","balsamic","odor","2011-10-02 06:10:10","2011-10-02 06:10:10",NULL,NULL
42,"honey","balsamic","odor","2011-10-02 06:10:10","2011-10-02 06:10:10",NULL,NULL
43,"others","balsamic","odor","2011-10-02 06:10:11","2011-10-02 06:10:11",NULL,NULL
44,"sweet","balsamic","odor","2011-10-02 06:10:11","2011-10-02 06:10:11",NULL,NULL
45,"vanilla","balsamic","odor","2011-10-02 06:10:11","2011-10-02 06:10:11",NULL,NULL
46,"lemon","citrus","odor","2011-10-02 06:10:11","2011-10-02 06:10:11",NULL,NULL
47,"lime","citrus","odor","2011-10-02 06:10:11","2011-10-02 06:10:11",NULL,NULL
48,"melon","citrus","odor","2011-10-02 06:10:11","2011-10-02 06:10:11",NULL,NULL
49,"orange","citrus","odor","2011-10-02 06:10:11","2011-10-02 06:10:11",NULL,NULL
50,"citrus","citrus","odor","2011-10-02 06:10:11","2011-10-02 06:10:11",NULL,NULL
51,"cedar","woody","odor","2011-10-02 06:10:11","2011-10-02 06:10:11",NULL,NULL
52,"maple","woody","odor","2011-10-02 06:10:11","2011-10-02 06:10:11",NULL,NULL
53,"mesquite","woody","odor","2011-10-02 06:10:12","2011-10-02 06:10:12",NULL,NULL
54,"woody","woody","odor","2011-10-02 06:10:12","2011-10-02 06:10:12",NULL,NULL
55,"bacon","meaty","odor","2011-10-02 06:10:12","2011-10-02 06:10:12",NULL,NULL
56,"beef","meaty","odor","2011-10-02 06:10:12","2011-10-02 06:10:12",NULL,NULL
57,"meaty","meaty","odor","2011-10-02 06:10:12","2011-10-02 06:10:12",NULL,NULL
58,"leafy","green","odor","2011-10-02 06:10:12","2011-10-02 06:10:12",NULL,NULL
59,"green","green","odor","2011-10-02 06:10:12","2011-10-02 06:10:12",NULL,NULL
60,"wintergreen","green","odor","2011-10-02 06:10:12","2011-10-02 06:10:12",NULL,NULL
61,"beer","wine_like","odor","2011-10-02 06:10:12","2011-10-02 06:10:12",NULL,NULL
62,"brandy","wine_like","odor","2011-10-02 06:10:13","2011-10-02 06:10:13",NULL,NULL
63,"wine_like","wine_like","odor","2011-10-02 06:10:13","2011-10-02 06:10:13",NULL,NULL
64,"rum","wine_like","odor","2011-10-02 06:10:13","2011-10-02 06:10:13",NULL,NULL
65,"whiskey","wine_like","odor","2011-10-02 06:10:13","2011-10-02 06:10:13",NULL,NULL
66,"mushroom","earthy","odor","2011-10-02 06:10:13","2011-10-02 06:10:13",NULL,NULL
67,"musty","earthy","odor","2011-10-02 06:10:13","2011-10-02 06:10:13",NULL,NULL
68,"earthy","earthy","odor","2011-10-02 06:10:13","2011-10-02 06:10:13",NULL,NULL
69,"apple","fruity","odor","2011-10-02 06:10:13","2011-10-02 06:10:13",NULL,NULL
70,"apricot","fruity","odor","2011-10-02 06:10:13","2011-10-02 06:10:13",NULL,NULL
71,"banana","fruity","odor","2011-10-02 06:10:13","2011-10-02 06:10:13",NULL,NULL
72,"berry","fruity","odor","2011-10-02 06:10:14","2011-10-02 06:10:14",NULL,NULL
73,"cantaloupe","fruity","odor","2011-10-02 06:10:14","2011-10-02 06:10:14",NULL,NULL
74,"cherry","fruity","odor","2011-10-02 06:10:14","2011-10-02 06:10:14",NULL,NULL
75,"coconut","fruity","odor","2011-10-02 06:10:14","2011-10-02 06:10:14",NULL,NULL
76,"cranberry","fruity","odor","2011-10-02 06:10:14","2011-10-02 06:10:14",NULL,NULL
77,"grape","fruity","odor","2011-10-02 06:10:14","2011-10-02 06:10:14",NULL,NULL
78,"grapefruit","fruity","odor","2011-10-02 06:10:14","2011-10-02 06:10:14",NULL,NULL
79,"jam","fruity","odor","2011-10-02 06:10:14","2011-10-02 06:10:14",NULL,NULL
80,"mango","fruity","odor","2011-10-02 06:10:14","2011-10-02 06:10:14",NULL,NULL
81,"fruity","fruity","odor","2011-10-02 06:10:15","2011-10-02 06:10:15",NULL,NULL
82,"papaya","fruity","odor","2011-10-02 06:10:15","2011-10-02 06:10:15",NULL,NULL
83,"peach","fruity","odor","2011-10-02 06:10:15","2011-10-02 06:10:15",NULL,NULL
84,"pear","fruity","odor","2011-10-02 06:10:15","2011-10-02 06:10:15",NULL,NULL
85,"pineapple","fruity","odor","2011-10-02 06:10:15","2011-10-02 06:10:15",NULL,NULL
86,"plum","fruity","odor","2011-10-02 06:10:15","2011-10-02 06:10:15",NULL,NULL
87,"quince","fruity","odor","2011-10-02 06:10:15","2011-10-02 06:10:15",NULL,NULL
88,"raspberry","fruity","odor","2011-10-02 06:10:15","2011-10-02 06:10:15",NULL,NULL
89,"strawberry","fruity","odor","2011-10-02 06:10:15","2011-10-02 06:10:15",NULL,NULL
90,"tart","fruity","odor","2011-10-02 06:10:15","2011-10-02 06:10:15",NULL,NULL
91,"tropica","fruity","odor","2011-10-02 06:10:16","2011-10-02 06:10:16",NULL,NULL
92,"watermelon","fruity","odor","2011-10-02 06:10:16","2011-10-02 06:10:16",NULL,NULL
93,"alcohol","chemical","odor","2011-10-02 06:10:16","2011-10-02 06:10:16",NULL,NULL
94,"plastic","chemical","odor","2011-10-02 06:10:16","2011-10-02 06:10:16",NULL,NULL
95,"sulfurous","chemical","odor","2011-10-02 06:10:16","2011-10-02 06:10:16",NULL,NULL
96,"almond","nutty","odor","2011-10-02 06:10:16","2011-10-02 06:10:16",NULL,NULL
97,"hazelnut","nutty","odor","2011-10-02 06:10:16","2011-10-02 06:10:16",NULL,NULL
98,"nutty","nutty","odor","2011-10-02 06:10:16","2011-10-02 06:10:16",NULL,NULL
99,"peanut","nutty","odor","2011-10-02 06:10:16","2011-10-02 06:10:16",NULL,NULL
100,"walnut","nutty","odor","2011-10-02 06:10:17","2011-10-02 06:10:17",NULL,NULL
101,"camphoraceous","camphoraceous","odor","2011-10-02 06:10:17","2011-10-02 06:10:17",NULL,NULL
102,"tobacco","tobacco","odor","2011-10-02 06:10:17","2011-10-02 06:10:17",NULL,NULL
103,"minty","minty","odor","2011-10-02 06:10:17","2011-10-02 06:10:17",NULL,NULL
104,"pepper","pepper","odor","2011-10-02 06:10:17","2011-10-02 06:10:17",NULL,NULL
105,"medicinal","medicinal","odor","2011-10-02 06:10:17","2011-10-02 06:10:17",NULL,NULL
106,"mossy","mossy","odor","2011-10-02 06:10:17","2011-10-02 06:10:17",NULL,NULL
107,"fishy","fishy","odor","2011-10-02 06:10:17","2011-10-02 06:10:17",NULL,NULL
108,"smoky","smoky","odor","2011-10-02 06:10:17","2011-10-02 06:10:17",NULL,NULL
109,"musky","musky","odor","2011-10-02 06:10:17","2011-10-02 06:10:17",NULL,NULL
110,"soapy","soapy","odor","2011-10-02 06:10:18","2011-10-02 06:10:18",NULL,NULL
111,"seedy","seedy","odor","2011-10-02 06:10:18","2011-10-02 06:10:18",NULL,NULL
112,"animal","animal","odor","2011-10-02 06:10:18","2011-10-02 06:10:18",NULL,NULL
113,"alkaline",NULL,"odor","2011-10-02 06:12:13","2011-10-02 06:12:13",NULL,NULL
114,"alkane",NULL,"odor","2011-10-02 06:12:13","2011-10-02 06:12:13",NULL,NULL
115,"almond shell",NULL,"odor","2011-10-02 06:12:14","2011-10-02 06:12:14",NULL,NULL
116,"amine",NULL,"odor","2011-10-02 06:12:14","2011-10-02 06:12:14",NULL,NULL
117,"apple peel",NULL,"odor","2011-10-02 06:12:14","2011-10-02 06:12:14",NULL,NULL
118,"baked",NULL,"odor","2011-10-02 06:12:14","2011-10-02 06:12:14",NULL,NULL
119,"balsamic",NULL,"odor","2011-10-02 06:12:14","2011-10-02 06:12:14",NULL,NULL
120,"basil",NULL,"odor","2011-10-02 06:12:14","2011-10-02 06:12:14",NULL,NULL
121,"beet",NULL,"odor","2011-10-02 06:12:15","2011-10-02 06:12:15",NULL,NULL
122,"biscuit",NULL,"odor","2011-10-02 06:12:15","2011-10-02 06:12:15",NULL,NULL
123,"bitter",NULL,"odor","2011-10-02 06:12:15","2011-10-02 06:12:15",NULL,NULL
124,"bitter almond",NULL,"odor","2011-10-02 06:12:15","2011-10-02 06:12:15",NULL,NULL
125,"black currant",NULL,"odor","2011-10-02 06:12:15","2011-10-02 06:12:15",NULL,NULL
126,"boiled vegetable",NULL,"odor","2011-10-02 06:12:15","2011-10-02 06:12:15",NULL,NULL
127,"box tree",NULL,"odor","2011-10-02 06:12:15","2011-10-02 06:12:15",NULL,NULL
128,"bread",NULL,"odor","2011-10-02 06:12:15","2011-10-02 06:12:15",NULL,NULL
129,"broccoli",NULL,"odor","2011-10-02 06:12:15","2011-10-02 06:12:15",NULL,NULL
130,"brown sugar",NULL,"odor","2011-10-02 06:12:15","2011-10-02 06:12:15",NULL,NULL
131,"burnt",NULL,"odor","2011-10-02 06:12:16","2011-10-02 06:12:16",NULL,NULL
132,"burnt sugar",NULL,"odor","2011-10-02 06:12:16","2011-10-02 06:12:16",NULL,NULL
133,"cabbage","vegetable","odor","2011-10-02 06:12:16","2011-10-02 06:24:00",NULL,2
134,"camomile",NULL,"odor","2011-10-02 06:12:16","2011-10-02 06:12:16",NULL,NULL
135,"camphor",NULL,"odor","2011-10-02 06:12:16","2011-10-02 06:12:16",NULL,NULL
136,"cardboard",NULL,"odor","2011-10-02 06:12:16","2011-10-02 06:12:16",NULL,NULL
137,"carrot",NULL,"odor","2011-10-02 06:12:17","2011-10-02 06:12:17",NULL,NULL
138,"cat",NULL,"odor","2011-10-02 06:12:17","2011-10-02 06:12:17",NULL,NULL
139,"chemical",NULL,"odor","2011-10-02 06:12:17","2011-10-02 06:12:17",NULL,NULL
140,"cocoa",NULL,"odor","2011-10-02 06:12:17","2011-10-02 06:12:17",NULL,NULL
141,"coffee",NULL,"odor","2011-10-02 06:12:17","2011-10-02 06:12:17",NULL,NULL
142,"cognac",NULL,"odor","2011-10-02 06:12:18","2011-10-02 06:12:18",NULL,NULL
143,"cologne",NULL,"odor","2011-10-02 06:12:18","2011-10-02 06:12:18",NULL,NULL
144,"cooked meat",NULL,"odor","2011-10-02 06:12:18","2011-10-02 06:12:18",NULL,NULL
145,"cooked potato",NULL,"odor","2011-10-02 06:12:18","2011-10-02 06:12:18",NULL,NULL
146,"cooked vegetable",NULL,"odor","2011-10-02 06:12:18","2011-10-02 06:12:18",NULL,NULL
147,"coriander",NULL,"odor","2011-10-02 06:12:18","2011-10-02 06:12:18",NULL,NULL
148,"cotton candy",NULL,"odor","2011-10-02 06:12:18","2011-10-02 06:12:18",NULL,NULL
149,"cream",NULL,"odor","2011-10-02 06:12:18","2011-10-02 06:12:18",NULL,NULL
150,"crushed bug",NULL,"odor","2011-10-02 06:12:18","2011-10-02 06:12:18",NULL,NULL
151,"curry",NULL,"odor","2011-10-02 06:12:19","2011-10-02 06:12:19",NULL,NULL
152,"dill",NULL,"odor","2011-10-02 06:12:19","2011-10-02 06:12:19",NULL,NULL
153,"dust",NULL,"odor","2011-10-02 06:12:19","2011-10-02 06:12:19",NULL,NULL
154,"earth",NULL,"odor","2011-10-02 06:12:19","2011-10-02 06:12:19",NULL,NULL
155,"ester",NULL,"odor","2011-10-02 06:12:19","2011-10-02 06:12:19",NULL,NULL
156,"ether",NULL,"odor","2011-10-02 06:12:19","2011-10-02 06:12:19",NULL,NULL
157,"fat",NULL,"odor","2011-10-02 06:12:19","2011-10-02 06:12:19",NULL,NULL
158,"fecal",NULL,"odor","2011-10-02 06:12:19","2011-10-02 06:12:19",NULL,NULL
159,"fish",NULL,"odor","2011-10-02 06:12:20","2011-10-02 06:12:20",NULL,NULL
160,"flower",NULL,"odor","2011-10-02 06:12:20","2011-10-02 06:12:20",NULL,NULL
161,"foxy",NULL,"odor","2011-10-02 06:12:20","2011-10-02 06:12:20",NULL,NULL
162,"fresh",NULL,"odor","2011-10-02 06:12:20","2011-10-02 06:12:20",NULL,NULL
163,"fried",NULL,"odor","2011-10-02 06:12:20","2011-10-02 06:12:20",NULL,NULL
164,"fruit",NULL,"odor","2011-10-02 06:12:20","2011-10-02 06:12:20",NULL,NULL
165,"garlic",NULL,"odor","2011-10-02 06:12:20","2011-10-02 06:12:20",NULL,NULL
166,"gasoline",NULL,"odor","2011-10-02 06:12:20","2011-10-02 06:12:20",NULL,NULL
167,"grass",NULL,"odor","2011-10-02 06:12:21","2011-10-02 06:12:21",NULL,NULL
168,"green bean",NULL,"odor","2011-10-02 06:12:21","2011-10-02 06:12:21",NULL,NULL
169,"green leaf",NULL,"odor","2011-10-02 06:12:21","2011-10-02 06:12:21",NULL,NULL
170,"green pepper",NULL,"odor","2011-10-02 06:12:21","2011-10-02 06:12:21",NULL,NULL
171,"green tea",NULL,"odor","2011-10-02 06:12:21","2011-10-02 06:12:21",NULL,NULL
172,"herb",NULL,"odor","2011-10-02 06:12:21","2011-10-02 06:12:21",NULL,NULL
173,"hot milk",NULL,"odor","2011-10-02 06:12:22","2011-10-02 06:12:22",NULL,NULL
174,"hummus",NULL,"odor","2011-10-02 06:12:22","2011-10-02 06:12:22",NULL,NULL
175,"lactone",NULL,"odor","2011-10-02 06:12:22","2011-10-02 06:12:22",NULL,NULL
176,"leaf",NULL,"odor","2011-10-02 06:12:22","2011-10-02 06:12:22",NULL,NULL
177,"lettuce",NULL,"odor","2011-10-02 06:12:22","2011-10-02 06:12:22",NULL,NULL
178,"licorice",NULL,"odor","2011-10-02 06:12:23","2011-10-02 06:12:23",NULL,NULL
179,"lilac",NULL,"odor","2011-10-02 06:12:23","2011-10-02 06:12:23",NULL,NULL
180,"magnolia",NULL,"odor","2011-10-02 06:12:23","2011-10-02 06:12:23",NULL,NULL
181,"malt",NULL,"odor","2011-10-02 06:12:23","2011-10-02 06:12:23",NULL,NULL
182,"mandarin",NULL,"odor","2011-10-02 06:12:23","2011-10-02 06:12:23",NULL,NULL
183,"marshmallow",NULL,"odor","2011-10-02 06:12:23","2011-10-02 06:12:23",NULL,NULL
184,"meat",NULL,"odor","2011-10-02 06:12:23","2011-10-02 06:12:23",NULL,NULL
185,"meat broth",NULL,"odor","2011-10-02 06:12:23","2011-10-02 06:12:23",NULL,NULL
186,"medicine",NULL,"odor","2011-10-02 06:12:24","2011-10-02 06:12:24",NULL,NULL
187,"menthol",NULL,"odor","2011-10-02 06:12:24","2011-10-02 06:12:24",NULL,NULL
188,"metal",NULL,"odor","2011-10-02 06:12:24","2011-10-02 06:12:24",NULL,NULL
189,"mildew",NULL,"odor","2011-10-02 06:12:24","2011-10-02 06:12:24",NULL,NULL
190,"mint",NULL,"odor","2011-10-02 06:12:24","2011-10-02 06:12:24",NULL,NULL
191,"mold",NULL,"odor","2011-10-02 06:12:24","2011-10-02 06:12:24",NULL,NULL
192,"moss",NULL,"odor","2011-10-02 06:12:24","2011-10-02 06:12:24",NULL,NULL
193,"mothball",NULL,"odor","2011-10-02 06:12:24","2011-10-02 06:12:24",NULL,NULL
194,"muguet",NULL,"odor","2011-10-02 06:12:25","2011-10-02 06:12:25",NULL,NULL
195,"must",NULL,"odor","2011-10-02 06:12:25","2011-10-02 06:12:25",NULL,NULL
196,"mustard",NULL,"odor","2011-10-02 06:12:25","2011-10-02 06:12:25",NULL,NULL
197,"nut",NULL,"odor","2011-10-02 06:12:25","2011-10-02 06:12:25",NULL,NULL
198,"nutmeg",NULL,"odor","2011-10-02 06:12:25","2011-10-02 06:12:25",NULL,NULL
199,"oil",NULL,"odor","2011-10-02 06:12:25","2011-10-02 06:12:25",NULL,NULL
200,"onion",NULL,"odor","2011-10-02 06:12:25","2011-10-02 06:12:25",NULL,NULL
201,"orange peel",NULL,"odor","2011-10-02 06:12:25","2011-10-02 06:12:25",NULL,NULL
202,"orris",NULL,"odor","2011-10-02 06:12:26","2011-10-02 06:12:26",NULL,NULL
203,"paint",NULL,"odor","2011-10-02 06:12:26","2011-10-02 06:12:26",NULL,NULL
204,"paper",NULL,"odor","2011-10-02 06:12:26","2011-10-02 06:12:26",NULL,NULL
205,"pea",NULL,"odor","2011-10-02 06:12:26","2011-10-02 06:12:26",NULL,NULL
206,"peanut butter",NULL,"odor","2011-10-02 06:12:26","2011-10-02 06:12:26",NULL,NULL
207,"peppermint",NULL,"odor","2011-10-02 06:12:26","2011-10-02 06:12:26",NULL,NULL
208,"pesticide",NULL,"odor","2011-10-02 06:12:26","2011-10-02 06:12:26",NULL,NULL
209,"phenol",NULL,"odor","2011-10-02 06:12:27","2011-10-02 06:12:27",NULL,NULL
210,"pine",NULL,"odor","2011-10-02 06:12:27","2011-10-02 06:12:27",NULL,NULL
211,"popcorn",NULL,"odor","2011-10-02 06:12:27","2011-10-02 06:12:27",NULL,NULL
212,"prune",NULL,"odor","2011-10-02 06:12:27","2011-10-02 06:12:27",NULL,NULL
213,"pungent",NULL,"odor","2011-10-02 06:12:27","2011-10-02 06:12:27",NULL,NULL
214,"putrid",NULL,"odor","2011-10-02 06:12:27","2011-10-02 06:12:27",NULL,NULL
215,"rancid",NULL,"odor","2011-10-02 06:12:28","2011-10-02 06:12:28",NULL,NULL
216,"resin",NULL,"odor","2011-10-02 06:12:28","2011-10-02 06:12:28",NULL,NULL
217,"roast",NULL,"odor","2011-10-02 06:12:28","2011-10-02 06:12:28",NULL,NULL
218,"roast beef",NULL,"odor","2011-10-02 06:12:28","2011-10-02 06:12:28",NULL,NULL
219,"roasted meat",NULL,"odor","2011-10-02 06:12:28","2011-10-02 06:12:28",NULL,NULL
220,"roasted nut",NULL,"odor","2011-10-02 06:12:28","2011-10-02 06:12:28",NULL,NULL
221,"rubber",NULL,"odor","2011-10-02 06:12:28","2011-10-02 06:12:28",NULL,NULL
222,"seaweed",NULL,"odor","2011-10-02 06:12:28","2011-10-02 06:12:28",NULL,NULL
223,"sharp",NULL,"odor","2011-10-02 06:12:29","2011-10-02 06:12:29",NULL,NULL
224,"smoke",NULL,"odor","2011-10-02 06:12:29","2011-10-02 06:12:29",NULL,NULL
225,"soap",NULL,"odor","2011-10-02 06:12:29","2011-10-02 06:12:29",NULL,NULL
226,"solvent",NULL,"odor","2011-10-02 06:12:29","2011-10-02 06:12:29",NULL,NULL
227,"soy",NULL,"odor","2011-10-02 06:12:29","2011-10-02 06:12:29",NULL,NULL
228,"spearmint",NULL,"odor","2011-10-02 06:12:29","2011-10-02 06:12:29",NULL,NULL
229,"spice",NULL,"odor","2011-10-02 06:12:29","2011-10-02 06:12:29",NULL,NULL
230,"straw",NULL,"odor","2011-10-02 06:12:29","2011-10-02 06:12:29",NULL,NULL
231,"sulfur",NULL,"odor","2011-10-02 06:12:29","2011-10-02 06:12:29",NULL,NULL
232,"sweat",NULL,"odor","2011-10-02 06:12:30","2011-10-02 06:12:30",NULL,NULL
233,"tallow",NULL,"odor","2011-10-02 06:12:30","2011-10-02 06:12:30",NULL,NULL
234,"tar",NULL,"odor","2011-10-02 06:12:30","2011-10-02 06:12:30",NULL,NULL
235,"tart lime",NULL,"odor","2011-10-02 06:12:30","2011-10-02 06:12:30",NULL,NULL
236,"tea",NULL,"odor","2011-10-02 06:12:30","2011-10-02 06:12:30",NULL,NULL
237,"terpentine",NULL,"odor","2011-10-02 06:12:30","2011-10-02 06:12:30",NULL,NULL
238,"thiamin",NULL,"odor","2011-10-02 06:12:30","2011-10-02 06:12:30",NULL,NULL
239,"thyme",NULL,"odor","2011-10-02 06:12:30","2011-10-02 06:12:30",NULL,NULL
240,"tomato leaf",NULL,"odor","2011-10-02 06:12:31","2011-10-02 06:12:31",NULL,NULL
241,"truffle",NULL,"odor","2011-10-02 06:12:31","2011-10-02 06:12:31",NULL,NULL
242,"turpentine",NULL,"odor","2011-10-02 06:12:31","2011-10-02 06:12:31",NULL,NULL
243,"urine",NULL,"odor","2011-10-02 06:12:31","2011-10-02 06:12:31",NULL,NULL
244,"vinyl",NULL,"odor","2011-10-02 06:12:31","2011-10-02 06:12:31",NULL,NULL
245,"warm",NULL,"odor","2011-10-02 06:12:31","2011-10-02 06:12:31",NULL,NULL
246,"wax",NULL,"odor","2011-10-02 06:12:32","2011-10-02 06:12:32",NULL,NULL
247,"weak spice",NULL,"odor","2011-10-02 06:12:32","2011-10-02 06:12:32",NULL,NULL
248,"wet cloth",NULL,"odor","2011-10-02 06:12:32","2011-10-02 06:12:32",NULL,NULL
249,"wine",NULL,"odor","2011-10-02 06:12:32","2011-10-02 06:12:32",NULL,NULL
250,"wood",NULL,"odor","2011-10-02 06:12:32","2011-10-02 06:12:32",NULL,NULL
251,"yeast",NULL,"odor","2011-10-02 06:12:32","2011-10-02 06:12:32",NULL,NULL
252,"acid",NULL,"odor","2011-10-02 06:25:59","2011-10-02 06:25:59",2,2
253,"4-t-butyl cyclohexyl acetate",NULL,"odor","2011-11-25 20:30:54","2011-11-25 20:30:54",NULL,NULL
254,"absinthe",NULL,"odor","2011-11-25 20:30:54","2011-11-25 20:30:54",NULL,NULL
255,"absolute",NULL,"odor","2011-11-25 20:30:54","2011-11-25 20:30:54",NULL,NULL
256,"acacia",NULL,"odor","2011-11-25 20:30:54","2011-11-25 20:30:54",NULL,NULL
257,"acetate",NULL,"odor","2011-11-25 20:30:54","2011-11-25 20:30:54",NULL,NULL
258,"acetic",NULL,"odor","2011-11-25 20:30:55","2011-11-25 20:30:55",NULL,NULL
259,"acetoin",NULL,"odor","2011-11-25 20:30:55","2011-11-25 20:30:55",NULL,NULL
260,"acetone",NULL,"odor","2011-11-25 20:30:55","2011-11-25 20:30:55",NULL,NULL
261,"acetophenone",NULL,"odor","2011-11-25 20:30:55","2011-11-25 20:30:55",NULL,NULL
262,"acidic",NULL,"odor","2011-11-25 20:30:55","2011-11-25 20:30:55",NULL,NULL
263,"acorn",NULL,"odor","2011-11-25 20:30:55","2011-11-25 20:30:55",NULL,NULL
264,"acrid",NULL,"odor","2011-11-25 20:30:56","2011-11-25 20:30:56",NULL,NULL
265,"acrylate",NULL,"odor","2011-11-25 20:30:56","2011-11-25 20:30:56",NULL,NULL
266,"acrylic",NULL,"odor","2011-11-25 20:30:56","2011-11-25 20:30:56",NULL,NULL
267,"adoxal",NULL,"odor","2011-11-25 20:30:56","2011-11-25 20:30:56",NULL,NULL
268,"air marine",NULL,"odor","2011-11-25 20:30:56","2011-11-25 20:30:56",NULL,NULL
269,"alcoholic",NULL,"odor","2011-11-25 20:30:56","2011-11-25 20:30:56",NULL,NULL
270,"aldehyde",NULL,"odor","2011-11-25 20:30:57","2011-11-25 20:30:57",NULL,NULL
271,"aldehydic",NULL,"odor","2011-11-25 20:30:57","2011-11-25 20:30:57",NULL,NULL
272,"algae",NULL,"odor","2011-11-25 20:30:58","2011-11-25 20:30:58",NULL,NULL
273,"alliaceous",NULL,"odor","2011-11-25 20:30:59","2011-11-25 20:30:59",NULL,NULL
274,"allo-ocimenol",NULL,"odor","2011-11-25 20:30:59","2011-11-25 20:30:59",NULL,NULL
275,"allspice",NULL,"odor","2011-11-25 20:30:59","2011-11-25 20:30:59",NULL,NULL
276,"almost odorless",NULL,"odor","2011-11-25 20:31:00","2011-11-25 20:31:00",NULL,NULL
277,"amber",NULL,"odor","2011-11-25 20:31:00","2011-11-25 20:31:00",NULL,NULL
278,"ambergris",NULL,"odor","2011-11-25 20:31:00","2011-11-25 20:31:00",NULL,NULL
279,"ambrette",NULL,"odor","2011-11-25 20:31:01","2011-11-25 20:31:01",NULL,NULL
280,"ambrette seed",NULL,"odor","2011-11-25 20:31:01","2011-11-25 20:31:01",NULL,NULL
281,"ambrette seed effect",NULL,"odor","2011-11-25 20:31:01","2011-11-25 20:31:01",NULL,NULL
282,"ammonia",NULL,"odor","2011-11-25 20:31:01","2011-11-25 20:31:01",NULL,NULL
283,"ammoniacal",NULL,"odor","2011-11-25 20:31:02","2011-11-25 20:31:02",NULL,NULL
284,"amyl butyl ester",NULL,"odor","2011-11-25 20:31:02","2011-11-25 20:31:02",NULL,NULL
285,"amyris",NULL,"odor","2011-11-25 20:31:02","2011-11-25 20:31:02",NULL,NULL
286,"angelic",NULL,"odor","2011-11-25 20:31:02","2011-11-25 20:31:02",NULL,NULL
287,"angelica",NULL,"odor","2011-11-25 20:31:02","2011-11-25 20:31:02",NULL,NULL
288,"aniseed",NULL,"odor","2011-11-25 20:31:03","2011-11-25 20:31:03",NULL,NULL
289,"anisic",NULL,"odor","2011-11-25 20:31:03","2011-11-25 20:31:03",NULL,NULL
290,"anisyl acetate",NULL,"odor","2011-11-25 20:31:03","2011-11-25 20:31:03",NULL,NULL
291,"apple juice",NULL,"odor","2011-11-25 20:31:03","2011-11-25 20:31:03",NULL,NULL
292,"apple skin",NULL,"odor","2011-11-25 20:31:03","2011-11-25 20:31:03",NULL,NULL
293,"armoise",NULL,"odor","2011-11-25 20:31:03","2011-11-25 20:31:03",NULL,NULL
294,"aromatic",NULL,"odor","2011-11-25 20:31:04","2011-11-25 20:31:04",NULL,NULL
295,"arrack",NULL,"odor","2011-11-25 20:31:04","2011-11-25 20:31:04",NULL,NULL
296,"artichoke",NULL,"odor","2011-11-25 20:31:04","2011-11-25 20:31:04",NULL,NULL
297,"asprin",NULL,"odor","2011-11-25 20:31:04","2011-11-25 20:31:04",NULL,NULL
298,"astringent",NULL,"odor","2011-11-25 20:31:04","2011-11-25 20:31:04",NULL,NULL
299,"autumn",NULL,"odor","2011-11-25 20:31:04","2011-11-25 20:31:04",NULL,NULL
300,"azalea",NULL,"odor","2011-11-25 20:31:04","2011-11-25 20:31:04",NULL,NULL
301,"banana peel",NULL,"odor","2011-11-25 20:31:05","2011-11-25 20:31:05",NULL,NULL
302,"banana skin",NULL,"odor","2011-11-25 20:31:05","2011-11-25 20:31:05",NULL,NULL
303,"bark",NULL,"odor","2011-11-25 20:31:05","2011-11-25 20:31:05",NULL,NULL
304,"barley",NULL,"odor","2011-11-25 20:31:06","2011-11-25 20:31:06",NULL,NULL
305,"bay oil",NULL,"odor","2011-11-25 20:31:06","2011-11-25 20:31:06",NULL,NULL
306,"bean",NULL,"odor","2011-11-25 20:31:06","2011-11-25 20:31:06",NULL,NULL
307,"beany",NULL,"odor","2011-11-25 20:31:06","2011-11-25 20:31:06",NULL,NULL
308,"beef gravey",NULL,"odor","2011-11-25 20:31:06","2011-11-25 20:31:06",NULL,NULL
309,"beef juice",NULL,"odor","2011-11-25 20:31:07","2011-11-25 20:31:07",NULL,NULL
310,"beefy",NULL,"odor","2011-11-25 20:31:07","2011-11-25 20:31:07",NULL,NULL
311,"beeswax",NULL,"odor","2011-11-25 20:31:07","2011-11-25 20:31:07",NULL,NULL
312,"bell",NULL,"odor","2011-11-25 20:31:07","2011-11-25 20:31:07",NULL,NULL
313,"benzaldehyde",NULL,"odor","2011-11-25 20:31:07","2011-11-25 20:31:07",NULL,NULL
314,"benzophenone",NULL,"odor","2011-11-25 20:31:07","2011-11-25 20:31:07",NULL,NULL
315,"benzyl acetate",NULL,"odor","2011-11-25 20:31:07","2011-11-25 20:31:07",NULL,NULL
316,"benzyl propionate",NULL,"odor","2011-11-25 20:31:08","2011-11-25 20:31:08",NULL,NULL
317,"bergamot",NULL,"odor","2011-11-25 20:31:08","2011-11-25 20:31:08",NULL,NULL
318,"bilberry",NULL,"odor","2011-11-25 20:31:08","2011-11-25 20:31:08",NULL,NULL
319,"bisabolene",NULL,"odor","2011-11-25 20:31:08","2011-11-25 20:31:08",NULL,NULL
320,"black tea",NULL,"odor","2011-11-25 20:31:08","2011-11-25 20:31:08",NULL,NULL
321,"blackberry",NULL,"odor","2011-11-25 20:31:08","2011-11-25 20:31:08",NULL,NULL
322,"blackcurrant",NULL,"odor","2011-11-25 20:31:09","2011-11-25 20:31:09",NULL,NULL
323,"bland",NULL,"odor","2011-11-25 20:31:09","2011-11-25 20:31:09",NULL,NULL
324,"bloody",NULL,"odor","2011-11-25 20:31:09","2011-11-25 20:31:09",NULL,NULL
325,"bloomy",NULL,"odor","2011-11-25 20:31:09","2011-11-25 20:31:09",NULL,NULL
326,"blue cheese",NULL,"odor","2011-11-25 20:31:09","2011-11-25 20:31:09",NULL,NULL
327,"bluebell",NULL,"odor","2011-11-25 20:31:10","2011-11-25 20:31:10",NULL,NULL
328,"blueberry",NULL,"odor","2011-11-25 20:31:10","2011-11-25 20:31:10",NULL,NULL
329,"boiled beef",NULL,"odor","2011-11-25 20:31:10","2011-11-25 20:31:10",NULL,NULL
330,"boiled egg",NULL,"odor","2011-11-25 20:31:10","2011-11-25 20:31:10",NULL,NULL
331,"boiled meat",NULL,"odor","2011-11-25 20:31:10","2011-11-25 20:31:10",NULL,NULL
332,"boiled shrimp",NULL,"odor","2011-11-25 20:31:10","2011-11-25 20:31:10",NULL,NULL
333,"bois de rose",NULL,"odor","2011-11-25 20:31:10","2011-11-25 20:31:10",NULL,NULL
334,"borneol",NULL,"odor","2011-11-25 20:31:10","2011-11-25 20:31:10",NULL,NULL
335,"boronia",NULL,"odor","2011-11-25 20:31:11","2011-11-25 20:31:11",NULL,NULL
336,"bouillon",NULL,"odor","2011-11-25 20:31:11","2011-11-25 20:31:11",NULL,NULL
337,"bourbon",NULL,"odor","2011-11-25 20:31:11","2011-11-25 20:31:11",NULL,NULL
338,"brassylate",NULL,"odor","2011-11-25 20:31:11","2011-11-25 20:31:11",NULL,NULL
339,"bread crust",NULL,"odor","2011-11-25 20:31:11","2011-11-25 20:31:11",NULL,NULL
340,"bready",NULL,"odor","2011-11-25 20:31:12","2011-11-25 20:31:12",NULL,NULL
341,"broom",NULL,"odor","2011-11-25 20:31:12","2011-11-25 20:31:12",NULL,NULL
342,"broth",NULL,"odor","2011-11-25 20:31:12","2011-11-25 20:31:12",NULL,NULL
343,"brothy",NULL,"odor","2011-11-25 20:31:12","2011-11-25 20:31:12",NULL,NULL
344,"brown",NULL,"odor","2011-11-25 20:31:12","2011-11-25 20:31:12",NULL,NULL
345,"brussel sprouts",NULL,"odor","2011-11-25 20:31:12","2011-11-25 20:31:12",NULL,NULL
346,"buchu",NULL,"odor","2011-11-25 20:31:13","2011-11-25 20:31:13",NULL,NULL
347,"burnt almonds",NULL,"odor","2011-11-25 20:31:13","2011-11-25 20:31:13",NULL,NULL
348,"buttered",NULL,"odor","2011-11-25 20:31:13","2011-11-25 20:31:13",NULL,NULL
349,"buttermilk",NULL,"odor","2011-11-25 20:31:13","2011-11-25 20:31:13",NULL,NULL
350,"buttery",NULL,"odor","2011-11-25 20:31:13","2011-11-25 20:31:13",NULL,NULL
351,"butyrate",NULL,"odor","2011-11-25 20:31:14","2011-11-25 20:31:14",NULL,NULL
352,"butyric",NULL,"odor","2011-11-25 20:31:14","2011-11-25 20:31:14",NULL,NULL
353,"cacao",NULL,"odor","2011-11-25 20:31:14","2011-11-25 20:31:14",NULL,NULL
354,"caco",NULL,"odor","2011-11-25 20:31:14","2011-11-25 20:31:14",NULL,NULL
355,"cadaverous",NULL,"odor","2011-11-25 20:31:14","2011-11-25 20:31:14",NULL,NULL
356,"cake",NULL,"odor","2011-11-25 20:31:14","2011-11-25 20:31:14",NULL,NULL
357,"camphoreous",NULL,"odor","2011-11-25 20:31:15","2011-11-25 20:31:15",NULL,NULL
358,"cananga",NULL,"odor","2011-11-25 20:31:15","2011-11-25 20:31:15",NULL,NULL
359,"candy",NULL,"odor","2011-11-25 20:31:15","2011-11-25 20:31:15",NULL,NULL
360,"cantaloupe rind",NULL,"odor","2011-11-25 20:31:15","2011-11-25 20:31:15",NULL,NULL
361,"capers",NULL,"odor","2011-11-25 20:31:15","2011-11-25 20:31:15",NULL,NULL
362,"caramellic",NULL,"odor","2011-11-25 20:31:16","2011-11-25 20:31:16",NULL,NULL
363,"carao",NULL,"odor","2011-11-25 20:31:16","2011-11-25 20:31:16",NULL,NULL
364,"cardamom",NULL,"odor","2011-11-25 20:31:16","2011-11-25 20:31:16",NULL,NULL
365,"carvone",NULL,"odor","2011-11-25 20:31:16","2011-11-25 20:31:16",NULL,NULL
366,"cashew",NULL,"odor","2011-11-25 20:31:17","2011-11-25 20:31:17",NULL,NULL
367,"casky",NULL,"odor","2011-11-25 20:31:17","2011-11-25 20:31:17",NULL,NULL
368,"cassia",NULL,"odor","2011-11-25 20:31:17","2011-11-25 20:31:17",NULL,NULL
369,"cassie",NULL,"odor","2011-11-25 20:31:17","2011-11-25 20:31:17",NULL,NULL
370,"cassis",NULL,"odor","2011-11-25 20:31:17","2011-11-25 20:31:17",NULL,NULL
371,"castoreum",NULL,"odor","2011-11-25 20:31:17","2011-11-25 20:31:17",NULL,NULL
372,"cat-urine",NULL,"odor","2011-11-25 20:31:18","2011-11-25 20:31:18",NULL,NULL
373,"catty",NULL,"odor","2011-11-25 20:31:18","2011-11-25 20:31:18",NULL,NULL
374,"cauliflower",NULL,"odor","2011-11-25 20:31:18","2011-11-25 20:31:18",NULL,NULL
375,"cayloxol",NULL,"odor","2011-11-25 20:31:18","2011-11-25 20:31:18",NULL,NULL
376,"cedarleaf",NULL,"odor","2011-11-25 20:31:18","2011-11-25 20:31:18",NULL,NULL
377,"cedarwood",NULL,"odor","2011-11-25 20:31:18","2011-11-25 20:31:18",NULL,NULL
378,"celery seed",NULL,"odor","2011-11-25 20:31:19","2011-11-25 20:31:19",NULL,NULL
379,"cereal",NULL,"odor","2011-11-25 20:31:19","2011-11-25 20:31:19",NULL,NULL
380,"chamomile",NULL,"odor","2011-11-25 20:31:19","2011-11-25 20:31:19",NULL,NULL
381,"cheesy",NULL,"odor","2011-11-25 20:31:19","2011-11-25 20:31:19",NULL,NULL
382,"cherry-pit",NULL,"odor","2011-11-25 20:31:19","2011-11-25 20:31:19",NULL,NULL
383,"chicken",NULL,"odor","2011-11-25 20:31:20","2011-11-25 20:31:20",NULL,NULL
384,"chicken coop",NULL,"odor","2011-11-25 20:31:20","2011-11-25 20:31:20",NULL,NULL
385,"chip",NULL,"odor","2011-11-25 20:31:20","2011-11-25 20:31:20",NULL,NULL
386,"chlorine",NULL,"odor","2011-11-25 20:31:20","2011-11-25 20:31:20",NULL,NULL
387,"chloroform",NULL,"odor","2011-11-25 20:31:20","2011-11-25 20:31:20",NULL,NULL
388,"chrysanthemum",NULL,"odor","2011-11-25 20:31:20","2011-11-25 20:31:20",NULL,NULL
389,"cigar box",NULL,"odor","2011-11-25 20:31:21","2011-11-25 20:31:21",NULL,NULL
390,"cinnamate",NULL,"odor","2011-11-25 20:31:21","2011-11-25 20:31:21",NULL,NULL
391,"cinnamic",NULL,"odor","2011-11-25 20:31:21","2011-11-25 20:31:21",NULL,NULL
392,"cinnamyl",NULL,"odor","2011-11-25 20:31:21","2011-11-25 20:31:21",NULL,NULL
393,"cistus",NULL,"odor","2011-11-25 20:31:21","2011-11-25 20:31:21",NULL,NULL
394,"citral",NULL,"odor","2011-11-25 20:31:21","2011-11-25 20:31:21",NULL,NULL
395,"citralva",NULL,"odor","2011-11-25 20:31:21","2011-11-25 20:31:21",NULL,NULL
396,"citric",NULL,"odor","2011-11-25 20:31:22","2011-11-25 20:31:22",NULL,NULL
397,"citronella",NULL,"odor","2011-11-25 20:31:22","2011-11-25 20:31:22",NULL,NULL
398,"citronellol",NULL,"odor","2011-11-25 20:31:22","2011-11-25 20:31:22",NULL,NULL
399,"citronellyl acetate",NULL,"odor","2011-11-25 20:31:22","2011-11-25 20:31:22",NULL,NULL
400,"citrus peel",NULL,"odor","2011-11-25 20:31:22","2011-11-25 20:31:22",NULL,NULL
401,"civet",NULL,"odor","2011-11-25 20:31:22","2011-11-25 20:31:22",NULL,NULL
402,"clam",NULL,"odor","2011-11-25 20:31:23","2011-11-25 20:31:23",NULL,NULL
403,"clary",NULL,"odor","2011-11-25 20:31:23","2011-11-25 20:31:23",NULL,NULL
404,"clean",NULL,"odor","2011-11-25 20:31:23","2011-11-25 20:31:23",NULL,NULL
405,"clean cloth",NULL,"odor","2011-11-25 20:31:23","2011-11-25 20:31:23",NULL,NULL
406,"clean clothes",NULL,"odor","2011-11-25 20:31:23","2011-11-25 20:31:23",NULL,NULL
407,"clean cloths",NULL,"odor","2011-11-25 20:31:23","2011-11-25 20:31:23",NULL,NULL
408,"clover",NULL,"odor","2011-11-25 20:31:24","2011-11-25 20:31:24",NULL,NULL
409,"concord grape",NULL,"odor","2011-11-25 20:31:24","2011-11-25 20:31:24",NULL,NULL
410,"cooked",NULL,"odor","2011-11-25 20:31:24","2011-11-25 20:31:24",NULL,NULL
411,"cooked beef juice",NULL,"odor","2011-11-25 20:31:25","2011-11-25 20:31:25",NULL,NULL
412,"cookies",NULL,"odor","2011-11-25 20:31:25","2011-11-25 20:31:25",NULL,NULL
413,"cool",NULL,"odor","2011-11-25 20:31:25","2011-11-25 20:31:25",NULL,NULL
414,"cooling",NULL,"odor","2011-11-25 20:31:25","2011-11-25 20:31:25",NULL,NULL
415,"cortex",NULL,"odor","2011-11-25 20:31:25","2011-11-25 20:31:25",NULL,NULL
416,"costus",NULL,"odor","2011-11-25 20:31:26","2011-11-25 20:31:26",NULL,NULL
417,"cotton",NULL,"odor","2011-11-25 20:31:26","2011-11-25 20:31:26",NULL,NULL
418,"coumarinic",NULL,"odor","2011-11-25 20:31:26","2011-11-25 20:31:26",NULL,NULL
419,"crab",NULL,"odor","2011-11-25 20:31:26","2011-11-25 20:31:26",NULL,NULL
420,"creosote",NULL,"odor","2011-11-25 20:31:26","2011-11-25 20:31:26",NULL,NULL
421,"cresol",NULL,"odor","2011-11-25 20:31:27","2011-11-25 20:31:27",NULL,NULL
422,"crispy",NULL,"odor","2011-11-25 20:31:27","2011-11-25 20:31:27",NULL,NULL
423,"cucumber seed",NULL,"odor","2011-11-25 20:31:27","2011-11-25 20:31:27",NULL,NULL
424,"cucumber skin",NULL,"odor","2011-11-25 20:31:27","2011-11-25 20:31:27",NULL,NULL
425,"cultured dairy",NULL,"odor","2011-11-25 20:31:27","2011-11-25 20:31:27",NULL,NULL
426,"cumin",NULL,"odor","2011-11-25 20:31:27","2011-11-25 20:31:27",NULL,NULL
427,"cuminic acetate",NULL,"odor","2011-11-25 20:31:28","2011-11-25 20:31:28",NULL,NULL
428,"cuminseed",NULL,"odor","2011-11-25 20:31:28","2011-11-25 20:31:28",NULL,NULL
429,"custard",NULL,"odor","2011-11-25 20:31:28","2011-11-25 20:31:28",NULL,NULL
430,"cut grass",NULL,"odor","2011-11-25 20:31:28","2011-11-25 20:31:28",NULL,NULL
431,"cut privet",NULL,"odor","2011-11-25 20:31:28","2011-11-25 20:31:28",NULL,NULL
432,"cyclamen",NULL,"odor","2011-11-25 20:31:28","2011-11-25 20:31:28",NULL,NULL
433,"cypress",NULL,"odor","2011-11-25 20:31:28","2011-11-25 20:31:28",NULL,NULL
434,"dairy",NULL,"odor","2011-11-25 20:31:29","2011-11-25 20:31:29",NULL,NULL
435,"damascone",NULL,"odor","2011-11-25 20:31:29","2011-11-25 20:31:29",NULL,NULL
436,"damp",NULL,"odor","2011-11-25 20:31:29","2011-11-25 20:31:29",NULL,NULL
437,"dank",NULL,"odor","2011-11-25 20:31:29","2011-11-25 20:31:29",NULL,NULL
438,"dark",NULL,"odor","2011-11-25 20:31:29","2011-11-25 20:31:29",NULL,NULL
439,"date",NULL,"odor","2011-11-25 20:31:29","2011-11-25 20:31:29",NULL,NULL
440,"decomposing cabbage",NULL,"odor","2011-11-25 20:31:29","2011-11-25 20:31:29",NULL,NULL
441,"deep",NULL,"odor","2011-11-25 20:31:30","2011-11-25 20:31:30",NULL,NULL
442,"delicate",NULL,"odor","2011-11-25 20:31:30","2011-11-25 20:31:30",NULL,NULL
443,"dewy",NULL,"odor","2011-11-25 20:31:30","2011-11-25 20:31:30",NULL,NULL
444,"diffusive",NULL,"odor","2011-11-25 20:31:30","2011-11-25 20:31:30",NULL,NULL
445,"dihydrolinalool",NULL,"odor","2011-11-25 20:31:30","2011-11-25 20:31:30",NULL,NULL
446,"diphenyl oxide",NULL,"odor","2011-11-25 20:31:30","2011-11-25 20:31:30",NULL,NULL
447,"dirt",NULL,"odor","2011-11-25 20:31:31","2011-11-25 20:31:31",NULL,NULL
448,"dirty",NULL,"odor","2011-11-25 20:31:31","2011-11-25 20:31:31",NULL,NULL
449,"diterpene",NULL,"odor","2011-11-25 20:31:31","2011-11-25 20:31:31",NULL,NULL
450,"dried berry",NULL,"odor","2011-11-25 20:31:31","2011-11-25 20:31:31",NULL,NULL
451,"dried fruit",NULL,"odor","2011-11-25 20:31:31","2011-11-25 20:31:31",NULL,NULL
452,"dried raspberry",NULL,"odor","2011-11-25 20:31:31","2011-11-25 20:31:31",NULL,NULL
453,"dry",NULL,"odor","2011-11-25 20:31:31","2011-11-25 20:31:31",NULL,NULL
454,"durian",NULL,"odor","2011-11-25 20:31:32","2011-11-25 20:31:32",NULL,NULL
455,"dusty",NULL,"odor","2011-11-25 20:31:32","2011-11-25 20:31:32",NULL,NULL
456,"egg",NULL,"odor","2011-11-25 20:31:32","2011-11-25 20:31:32",NULL,NULL
457,"elderflower",NULL,"odor","2011-11-25 20:31:32","2011-11-25 20:31:32",NULL,NULL
458,"elemi",NULL,"odor","2011-11-25 20:31:32","2011-11-25 20:31:32",NULL,NULL
459,"estery",NULL,"odor","2011-11-25 20:31:33","2011-11-25 20:31:33",NULL,NULL
460,"ethereal",NULL,"odor","2011-11-25 20:31:33","2011-11-25 20:31:33",NULL,NULL
461,"ethyl benzoate",NULL,"odor","2011-11-25 20:31:33","2011-11-25 20:31:33",NULL,NULL
462,"ethyl safranate",NULL,"odor","2011-11-25 20:31:33","2011-11-25 20:31:33",NULL,NULL
463,"eucalyptus",NULL,"odor","2011-11-25 20:31:33","2011-11-25 20:31:33",NULL,NULL
464,"eugenol",NULL,"odor","2011-11-25 20:31:34","2011-11-25 20:31:34",NULL,NULL
465,"everlasting",NULL,"odor","2011-11-25 20:31:34","2011-11-25 20:31:34",NULL,NULL
466,"extremely sweet",NULL,"odor","2011-11-25 20:31:34","2011-11-25 20:31:34",NULL,NULL
467,"faint",NULL,"odor","2011-11-25 20:31:34","2011-11-25 20:31:34",NULL,NULL
468,"farnesol",NULL,"odor","2011-11-25 20:31:34","2011-11-25 20:31:34",NULL,NULL
469,"feet",NULL,"odor","2011-11-25 20:31:35","2011-11-25 20:31:35",NULL,NULL
470,"fenchyl",NULL,"odor","2011-11-25 20:31:35","2011-11-25 20:31:35",NULL,NULL
471,"fenugreek",NULL,"odor","2011-11-25 20:31:35","2011-11-25 20:31:35",NULL,NULL
472,"fermented",NULL,"odor","2011-11-25 20:31:35","2011-11-25 20:31:35",NULL,NULL
473,"fern",NULL,"odor","2011-11-25 20:31:35","2011-11-25 20:31:35",NULL,NULL
474,"feta cheese",NULL,"odor","2011-11-25 20:31:35","2011-11-25 20:31:35",NULL,NULL
475,"fig",NULL,"odor","2011-11-25 20:31:36","2011-11-25 20:31:36",NULL,NULL
476,"filbert",NULL,"odor","2011-11-25 20:31:36","2011-11-25 20:31:36",NULL,NULL
477,"fine",NULL,"odor","2011-11-25 20:31:36","2011-11-25 20:31:36",NULL,NULL
478,"fir",NULL,"odor","2011-11-25 20:31:36","2011-11-25 20:31:36",NULL,NULL
479,"fir needle",NULL,"odor","2011-11-25 20:31:36","2011-11-25 20:31:36",NULL,NULL
480,"flat",NULL,"odor","2011-11-25 20:31:36","2011-11-25 20:31:36",NULL,NULL
481,"fleafy",NULL,"odor","2011-11-25 20:31:37","2011-11-25 20:31:37",NULL,NULL
482,"fleshy",NULL,"odor","2011-11-25 20:31:37","2011-11-25 20:31:37",NULL,NULL
483,"flower shop",NULL,"odor","2011-11-25 20:31:37","2011-11-25 20:31:37",NULL,NULL
484,"foliage",NULL,"odor","2011-11-25 20:31:37","2011-11-25 20:31:37",NULL,NULL
485,"forest",NULL,"odor","2011-11-25 20:31:37","2011-11-25 20:31:37",NULL,NULL
486,"formyl",NULL,"odor","2011-11-25 20:31:37","2011-11-25 20:31:37",NULL,NULL
487,"fragrant",NULL,"odor","2011-11-25 20:31:38","2011-11-25 20:31:38",NULL,NULL
488,"freesia",NULL,"odor","2011-11-25 20:31:38","2011-11-25 20:31:38",NULL,NULL
489,"fresh air",NULL,"odor","2011-11-25 20:31:38","2011-11-25 20:31:38",NULL,NULL
490,"fresh outdoors",NULL,"odor","2011-11-25 20:31:38","2011-11-25 20:31:38",NULL,NULL
491,"freshly bruised dock leaves",NULL,"odor","2011-11-25 20:31:38","2011-11-25 20:31:38",NULL,NULL
492,"freshly bruised mallow leaves",NULL,"odor","2011-11-25 20:31:38","2011-11-25 20:31:38",NULL,NULL
493,"freshly bruised sage leaves",NULL,"odor","2011-11-25 20:31:39","2011-11-25 20:31:39",NULL,NULL
494,"freshly plowed soil",NULL,"odor","2011-11-25 20:31:39","2011-11-25 20:31:39",NULL,NULL
495,"fungal",NULL,"odor","2011-11-25 20:31:39","2011-11-25 20:31:39",NULL,NULL
496,"furfural",NULL,"odor","2011-11-25 20:31:39","2011-11-25 20:31:39",NULL,NULL
497,"fusel",NULL,"odor","2011-11-25 20:31:40","2011-11-25 20:31:40",NULL,NULL
498,"galbanum",NULL,"odor","2011-11-25 20:31:40","2011-11-25 20:31:40",NULL,NULL
499,"gassy",NULL,"odor","2011-11-25 20:31:40","2011-11-25 20:31:40",NULL,NULL
500,"genet",NULL,"odor","2011-11-25 20:31:40","2011-11-25 20:31:40",NULL,NULL
501,"genista",NULL,"odor","2011-11-25 20:31:40","2011-11-25 20:31:40",NULL,NULL
502,"genuine",NULL,"odor","2011-11-25 20:31:41","2011-11-25 20:31:41",NULL,NULL
503,"gin",NULL,"odor","2011-11-25 20:31:41","2011-11-25 20:31:41",NULL,NULL
504,"ginger",NULL,"odor","2011-11-25 20:31:41","2011-11-25 20:31:41",NULL,NULL
505,"ginger root oil",NULL,"odor","2011-11-25 20:31:41","2011-11-25 20:31:41",NULL,NULL
506,"glue",NULL,"odor","2011-11-25 20:31:41","2011-11-25 20:31:41",NULL,NULL
507,"gooseberry",NULL,"odor","2011-11-25 20:31:41","2011-11-25 20:31:41",NULL,NULL
508,"grain",NULL,"odor","2011-11-25 20:31:41","2011-11-25 20:31:41",NULL,NULL
509,"grape skin",NULL,"odor","2011-11-25 20:31:42","2011-11-25 20:31:42",NULL,NULL
510,"grapefruit peel",NULL,"odor","2011-11-25 20:31:43","2011-11-25 20:31:43",NULL,NULL
511,"grapefruit skin",NULL,"odor","2011-11-25 20:31:44","2011-11-25 20:31:44",NULL,NULL
512,"grassy",NULL,"odor","2011-11-25 20:31:44","2011-11-25 20:31:44",NULL,NULL
513,"gravy",NULL,"odor","2011-11-25 20:31:44","2011-11-25 20:31:44",NULL,NULL
514,"greasy",NULL,"odor","2011-11-25 20:31:44","2011-11-25 20:31:44",NULL,NULL
515,"green onions",NULL,"odor","2011-11-25 20:31:45","2011-11-25 20:31:45",NULL,NULL
516,"grilled",NULL,"odor","2011-11-25 20:31:45","2011-11-25 20:31:45",NULL,NULL
517,"grocery store",NULL,"odor","2011-11-25 20:31:45","2011-11-25 20:31:45",NULL,NULL
518,"ground",NULL,"odor","2011-11-25 20:31:45","2011-11-25 20:31:45",NULL,NULL
519,"guaiacol",NULL,"odor","2011-11-25 20:31:45","2011-11-25 20:31:45",NULL,NULL
520,"guaiacwood",NULL,"odor","2011-11-25 20:31:45","2011-11-25 20:31:45",NULL,NULL
521,"hairy",NULL,"odor","2011-11-25 20:31:46","2011-11-25 20:31:46",NULL,NULL
522,"ham",NULL,"odor","2011-11-25 20:31:46","2011-11-25 20:31:46",NULL,NULL
523,"hard yolk",NULL,"odor","2011-11-25 20:31:46","2011-11-25 20:31:46",NULL,NULL
524,"harsh",NULL,"odor","2011-11-25 20:31:46","2011-11-25 20:31:46",NULL,NULL
525,"hawthorn",NULL,"odor","2011-11-25 20:31:46","2011-11-25 20:31:46",NULL,NULL
526,"hay",NULL,"odor","2011-11-25 20:31:46","2011-11-25 20:31:46",NULL,NULL
527,"heather",NULL,"odor","2011-11-25 20:31:47","2011-11-25 20:31:47",NULL,NULL
528,"heavy",NULL,"odor","2011-11-25 20:31:47","2011-11-25 20:31:47",NULL,NULL
529,"heliotrope",NULL,"odor","2011-11-25 20:31:47","2011-11-25 20:31:47",NULL,NULL
530,"heliotropin",NULL,"odor","2011-11-25 20:31:47","2011-11-25 20:31:47",NULL,NULL
531,"herbal",NULL,"odor","2011-11-25 20:31:47","2011-11-25 20:31:47",NULL,NULL
532,"honeydew",NULL,"odor","2011-11-25 20:31:47","2011-11-25 20:31:47",NULL,NULL
533,"honeysuckle",NULL,"odor","2011-11-25 20:31:48","2011-11-25 20:31:48",NULL,NULL
534,"hot",NULL,"odor","2011-11-25 20:31:48","2011-11-25 20:31:48",NULL,NULL
535,"humid",NULL,"odor","2011-11-25 20:31:48","2011-11-25 20:31:48",NULL,NULL
536,"humus",NULL,"odor","2011-11-25 20:31:48","2011-11-25 20:31:48",NULL,NULL
537,"hydroxycitronellal",NULL,"odor","2011-11-25 20:31:48","2011-11-25 20:31:48",NULL,NULL
538,"iactonic",NULL,"odor","2011-11-25 20:31:49","2011-11-25 20:31:49",NULL,NULL
539,"immortelle",NULL,"odor","2011-11-25 20:31:49","2011-11-25 20:31:49",NULL,NULL
540,"incense",NULL,"odor","2011-11-25 20:31:49","2011-11-25 20:31:49",NULL,NULL
541,"indole",NULL,"odor","2011-11-25 20:31:49","2011-11-25 20:31:49",NULL,NULL
542,"intense",NULL,"odor","2011-11-25 20:31:49","2011-11-25 20:31:49",NULL,NULL
543,"intensely",NULL,"odor","2011-11-25 20:31:49","2011-11-25 20:31:49",NULL,NULL
544,"iodine",NULL,"odor","2011-11-25 20:31:49","2011-11-25 20:31:49",NULL,NULL
545,"ionone",NULL,"odor","2011-11-25 20:31:50","2011-11-25 20:31:50",NULL,NULL
546,"irone",NULL,"odor","2011-11-25 20:31:50","2011-11-25 20:31:50",NULL,NULL
547,"isoeugenol",NULL,"odor","2011-11-25 20:31:50","2011-11-25 20:31:50",NULL,NULL
548,"isojasmone",NULL,"odor","2011-11-25 20:31:50","2011-11-25 20:31:50",NULL,NULL
549,"jam preserves",NULL,"odor","2011-11-25 20:31:50","2011-11-25 20:31:50",NULL,NULL
550,"jammy",NULL,"odor","2011-11-25 20:31:51","2011-11-25 20:31:51",NULL,NULL
551,"jasmin",NULL,"odor","2011-11-25 20:31:51","2011-11-25 20:31:51",NULL,NULL
552,"jasmone",NULL,"odor","2011-11-25 20:31:51","2011-11-25 20:31:51",NULL,NULL
553,"juicy",NULL,"odor","2011-11-25 20:31:51","2011-11-25 20:31:51",NULL,NULL
554,"juniper",NULL,"odor","2011-11-25 20:31:51","2011-11-25 20:31:51",NULL,NULL
555,"juniper berry",NULL,"odor","2011-11-25 20:31:51","2011-11-25 20:31:51",NULL,NULL
556,"ketone",NULL,"odor","2011-11-25 20:31:51","2011-11-25 20:31:51",NULL,NULL
557,"ketonic",NULL,"odor","2011-11-25 20:31:52","2011-11-25 20:31:52",NULL,NULL
558,"kiwi",NULL,"odor","2011-11-25 20:31:52","2011-11-25 20:31:52",NULL,NULL
559,"labdanum",NULL,"odor","2011-11-25 20:31:52","2011-11-25 20:31:52",NULL,NULL
560,"lactonic",NULL,"odor","2011-11-25 20:31:52","2011-11-25 20:31:52",NULL,NULL
561,"lamb",NULL,"odor","2011-11-25 20:31:52","2011-11-25 20:31:52",NULL,NULL
562,"lard",NULL,"odor","2011-11-25 20:31:52","2011-11-25 20:31:52",NULL,NULL
563,"laundered cloths",NULL,"odor","2011-11-25 20:31:53","2011-11-25 20:31:53",NULL,NULL
564,"laundry",NULL,"odor","2011-11-25 20:31:53","2011-11-25 20:31:53",NULL,NULL
565,"lavandin",NULL,"odor","2011-11-25 20:31:53","2011-11-25 20:31:53",NULL,NULL
566,"leather",NULL,"odor","2011-11-25 20:31:53","2011-11-25 20:31:53",NULL,NULL
567,"leathery",NULL,"odor","2011-11-25 20:31:53","2011-11-25 20:31:53",NULL,NULL
568,"leaves",NULL,"odor","2011-11-25 20:31:54","2011-11-25 20:31:54",NULL,NULL
569,"leek",NULL,"odor","2011-11-25 20:31:54","2011-11-25 20:31:54",NULL,NULL
570,"lemon peel",NULL,"odor","2011-11-25 20:31:54","2011-11-25 20:31:54",NULL,NULL
571,"lemon rind",NULL,"odor","2011-11-25 20:31:54","2011-11-25 20:31:54",NULL,NULL
572,"lemongrass",NULL,"odor","2011-11-25 20:31:54","2011-11-25 20:31:54",NULL,NULL
573,"liatrix",NULL,"odor","2011-11-25 20:31:55","2011-11-25 20:31:55",NULL,NULL
574,"light",NULL,"odor","2011-11-25 20:31:55","2011-11-25 20:31:55",NULL,NULL
575,"lily of the valley",NULL,"odor","2011-11-25 20:31:55","2011-11-25 20:31:55",NULL,NULL
576,"lime blossom",NULL,"odor","2011-11-25 20:31:55","2011-11-25 20:31:55",NULL,NULL
577,"linalool",NULL,"odor","2011-11-25 20:31:56","2011-11-25 20:31:56",NULL,NULL
578,"linalyl acetate",NULL,"odor","2011-11-25 20:31:56","2011-11-25 20:31:56",NULL,NULL
579,"linden",NULL,"odor","2011-11-25 20:31:56","2011-11-25 20:31:56",NULL,NULL
580,"linen",NULL,"odor","2011-11-25 20:31:56","2011-11-25 20:31:56",NULL,NULL
581,"linseed",NULL,"odor","2011-11-25 20:31:56","2011-11-25 20:31:56",NULL,NULL
582,"liquor",NULL,"odor","2011-11-25 20:31:56","2011-11-25 20:31:56",NULL,NULL
583,"logenberry",NULL,"odor","2011-11-25 20:31:56","2011-11-25 20:31:56",NULL,NULL
584,"longifolone",NULL,"odor","2011-11-25 20:31:56","2011-11-25 20:31:56",NULL,NULL
585,"lovage",NULL,"odor","2011-11-25 20:31:57","2011-11-25 20:31:57",NULL,NULL
586,"low",NULL,"odor","2011-11-25 20:31:57","2011-11-25 20:31:57",NULL,NULL
587,"lychee",NULL,"odor","2011-11-25 20:31:57","2011-11-25 20:31:57",NULL,NULL
588,"mace",NULL,"odor","2011-11-25 20:31:57","2011-11-25 20:31:57",NULL,NULL
589,"macrocyclic",NULL,"odor","2011-11-25 20:31:57","2011-11-25 20:31:57",NULL,NULL
590,"mahogany",NULL,"odor","2011-11-25 20:31:58","2011-11-25 20:31:58",NULL,NULL
591,"mallow",NULL,"odor","2011-11-25 20:31:58","2011-11-25 20:31:58",NULL,NULL
592,"maltol",NULL,"odor","2011-11-25 20:31:58","2011-11-25 20:31:58",NULL,NULL
593,"malty",NULL,"odor","2011-11-25 20:31:58","2011-11-25 20:31:58",NULL,NULL
594,"mandarin skin",NULL,"odor","2011-11-25 20:31:58","2011-11-25 20:31:58",NULL,NULL
595,"maple syrup",NULL,"odor","2011-11-25 20:31:59","2011-11-25 20:31:59",NULL,NULL
596,"marine",NULL,"odor","2011-11-25 20:31:59","2011-11-25 20:31:59",NULL,NULL
597,"matches",NULL,"odor","2011-11-25 20:31:59","2011-11-25 20:31:59",NULL,NULL
598,"may blossom",NULL,"odor","2011-11-25 20:31:59","2011-11-25 20:31:59",NULL,NULL
599,"meadow",NULL,"odor","2011-11-25 20:31:59","2011-11-25 20:31:59",NULL,NULL
600,"medical",NULL,"odor","2011-11-25 20:32:00","2011-11-25 20:32:00",NULL,NULL
601,"mellow",NULL,"odor","2011-11-25 20:32:00","2011-11-25 20:32:00",NULL,NULL
602,"melon rind",NULL,"odor","2011-11-25 20:32:00","2011-11-25 20:32:00",NULL,NULL
603,"mentholic",NULL,"odor","2011-11-25 20:32:00","2011-11-25 20:32:00",NULL,NULL
604,"mercaptan",NULL,"odor","2011-11-25 20:32:01","2011-11-25 20:32:01",NULL,NULL
605,"metallic",NULL,"odor","2011-11-25 20:32:01","2011-11-25 20:32:01",NULL,NULL
606,"methyl acetophenone",NULL,"odor","2011-11-25 20:32:01","2011-11-25 20:32:01",NULL,NULL
607,"methyl dihydrojasmonate",NULL,"odor","2011-11-25 20:32:01","2011-11-25 20:32:01",NULL,NULL
608,"methyl ionone",NULL,"odor","2011-11-25 20:32:01","2011-11-25 20:32:01",NULL,NULL
609,"mignonette",NULL,"odor","2011-11-25 20:32:01","2011-11-25 20:32:01",NULL,NULL
610,"mild",NULL,"odor","2011-11-25 20:32:01","2011-11-25 20:32:01",NULL,NULL
611,"mild cooling",NULL,"odor","2011-11-25 20:32:02","2011-11-25 20:32:02",NULL,NULL
612,"milk",NULL,"odor","2011-11-25 20:32:02","2011-11-25 20:32:02",NULL,NULL
613,"milky",NULL,"odor","2011-11-25 20:32:02","2011-11-25 20:32:02",NULL,NULL
614,"mimosa",NULL,"odor","2011-11-25 20:32:02","2011-11-25 20:32:02",NULL,NULL
615,"moist",NULL,"odor","2011-11-25 20:32:02","2011-11-25 20:32:02",NULL,NULL
616,"molasses",NULL,"odor","2011-11-25 20:32:03","2011-11-25 20:32:03",NULL,NULL
617,"moldy",NULL,"odor","2011-11-25 20:32:03","2011-11-25 20:32:03",NULL,NULL
618,"moscato",NULL,"odor","2011-11-25 20:32:03","2011-11-25 20:32:03",NULL,NULL
619,"moth ball",NULL,"odor","2011-11-25 20:32:03","2011-11-25 20:32:03",NULL,NULL
620,"mouldy",NULL,"odor","2011-11-25 20:32:03","2011-11-25 20:32:03",NULL,NULL
621,"mousy",NULL,"odor","2011-11-25 20:32:04","2011-11-25 20:32:04",NULL,NULL
622,"musk",NULL,"odor","2011-11-25 20:32:04","2011-11-25 20:32:04",NULL,NULL
623,"mutton",NULL,"odor","2011-11-25 20:32:04","2011-11-25 20:32:04",NULL,NULL
624,"myrcene",NULL,"odor","2011-11-25 20:32:04","2011-11-25 20:32:04",NULL,NULL
625,"myrrh",NULL,"odor","2011-11-25 20:32:05","2011-11-25 20:32:05",NULL,NULL
626,"naphtha",NULL,"odor","2011-11-25 20:32:05","2011-11-25 20:32:05",NULL,NULL
627,"naphthalic",NULL,"odor","2011-11-25 20:32:05","2011-11-25 20:32:05",NULL,NULL
628,"naphthelene",NULL,"odor","2011-11-25 20:32:05","2011-11-25 20:32:05",NULL,NULL
629,"naphthyl",NULL,"odor","2011-11-25 20:32:05","2011-11-25 20:32:05",NULL,NULL
630,"narcissus",NULL,"odor","2011-11-25 20:32:05","2011-11-25 20:32:05",NULL,NULL
631,"nasturtium",NULL,"odor","2011-11-25 20:32:05","2011-11-25 20:32:05",NULL,NULL
632,"natural",NULL,"odor","2011-11-25 20:32:06","2011-11-25 20:32:06",NULL,NULL
633,"neroli",NULL,"odor","2011-11-25 20:32:06","2011-11-25 20:32:06",NULL,NULL
634,"new car",NULL,"odor","2011-11-25 20:32:06","2011-11-25 20:32:06",NULL,NULL
635,"new mown hay",NULL,"odor","2011-11-25 20:32:06","2011-11-25 20:32:06",NULL,NULL
636,"niobe",NULL,"odor","2011-11-25 20:32:06","2011-11-25 20:32:06",NULL,NULL
637,"nitrile",NULL,"odor","2011-11-25 20:32:06","2011-11-25 20:32:06",NULL,NULL
638,"nopyl acetate",NULL,"odor","2011-11-25 20:32:07","2011-11-25 20:32:07",NULL,NULL
639,"nut skin",NULL,"odor","2011-11-25 20:32:07","2011-11-25 20:32:07",NULL,NULL
640,"oak",NULL,"odor","2011-11-25 20:32:07","2011-11-25 20:32:07",NULL,NULL
641,"oakmoss",NULL,"odor","2011-11-25 20:32:07","2011-11-25 20:32:07",NULL,NULL
642,"ocimene",NULL,"odor","2011-11-25 20:32:07","2011-11-25 20:32:07",NULL,NULL
643,"odorless",NULL,"odor","2011-11-25 20:32:08","2011-11-25 20:32:08",NULL,NULL
644,"old paper",NULL,"odor","2011-11-25 20:32:08","2011-11-25 20:32:08",NULL,NULL
645,"old wood",NULL,"odor","2011-11-25 20:32:08","2011-11-25 20:32:08",NULL,NULL
646,"olibanum",NULL,"odor","2011-11-25 20:32:08","2011-11-25 20:32:08",NULL,NULL
647,"opoponax",NULL,"odor","2011-11-25 20:32:09","2011-11-25 20:32:09",NULL,NULL
648,"orange blossom",NULL,"odor","2011-11-25 20:32:09","2011-11-25 20:32:09",NULL,NULL
649,"orange flower",NULL,"odor","2011-11-25 20:32:09","2011-11-25 20:32:09",NULL,NULL
650,"orange juice",NULL,"odor","2011-11-25 20:32:09","2011-11-25 20:32:09",NULL,NULL
651,"orchid",NULL,"odor","2011-11-25 20:32:09","2011-11-25 20:32:09",NULL,NULL
652,"oriental",NULL,"odor","2011-11-25 20:32:09","2011-11-25 20:32:09",NULL,NULL
653,"outdoor",NULL,"odor","2011-11-25 20:32:10","2011-11-25 20:32:10",NULL,NULL
654,"overripe fruit",NULL,"odor","2011-11-25 20:32:10","2011-11-25 20:32:10",NULL,NULL
655,"oxyacetaldehyde",NULL,"odor","2011-11-25 20:32:10","2011-11-25 20:32:10",NULL,NULL
656,"ozone",NULL,"odor","2011-11-25 20:32:10","2011-11-25 20:32:10",NULL,NULL
657,"painty",NULL,"odor","2011-11-25 20:32:10","2011-11-25 20:32:10",NULL,NULL
658,"palmarosa",NULL,"odor","2011-11-25 20:32:10","2011-11-25 20:32:10",NULL,NULL
659,"parmesan",NULL,"odor","2011-11-25 20:32:11","2011-11-25 20:32:11",NULL,NULL
660,"parsley",NULL,"odor","2011-11-25 20:32:11","2011-11-25 20:32:11",NULL,NULL
661,"passion fruit",NULL,"odor","2011-11-25 20:32:11","2011-11-25 20:32:11",NULL,NULL
662,"pastry",NULL,"odor","2011-11-25 20:32:11","2011-11-25 20:32:11",NULL,NULL
663,"patchouli",NULL,"odor","2011-11-25 20:32:11","2011-11-25 20:32:11",NULL,NULL
664,"peach-pit",NULL,"odor","2011-11-25 20:32:12","2011-11-25 20:32:12",NULL,NULL
665,"pear skin",NULL,"odor","2011-11-25 20:32:12","2011-11-25 20:32:12",NULL,NULL
666,"peely",NULL,"odor","2011-11-25 20:32:12","2011-11-25 20:32:12",NULL,NULL
667,"pencil",NULL,"odor","2011-11-25 20:32:12","2011-11-25 20:32:12",NULL,NULL
668,"penetrating",NULL,"odor","2011-11-25 20:32:13","2011-11-25 20:32:13",NULL,NULL
669,"peony",NULL,"odor","2011-11-25 20:32:13","2011-11-25 20:32:13",NULL,NULL
670,"peppery",NULL,"odor","2011-11-25 20:32:13","2011-11-25 20:32:13",NULL,NULL
671,"peptone",NULL,"odor","2011-11-25 20:32:13","2011-11-25 20:32:13",NULL,NULL
672,"petal",NULL,"odor","2011-11-25 20:32:13","2011-11-25 20:32:13",NULL,NULL
673,"petitgrain",NULL,"odor","2011-11-25 20:32:14","2011-11-25 20:32:14",NULL,NULL
674,"petroleum",NULL,"odor","2011-11-25 20:32:14","2011-11-25 20:32:14",NULL,NULL
675,"phenolic",NULL,"odor","2011-11-25 20:32:14","2011-11-25 20:32:14",NULL,NULL
676,"pine needle",NULL,"odor","2011-11-25 20:32:14","2011-11-25 20:32:14",NULL,NULL
677,"pistachio",NULL,"odor","2011-11-25 20:32:14","2011-11-25 20:32:14",NULL,NULL
678,"plant",NULL,"odor","2011-11-25 20:32:15","2011-11-25 20:32:15",NULL,NULL
679,"pleasant",NULL,"odor","2011-11-25 20:32:15","2011-11-25 20:32:15",NULL,NULL
680,"plum skin",NULL,"odor","2011-11-25 20:32:15","2011-11-25 20:32:15",NULL,NULL
681,"pollen",NULL,"odor","2011-11-25 20:32:15","2011-11-25 20:32:15",NULL,NULL
682,"pork",NULL,"odor","2011-11-25 20:32:15","2011-11-25 20:32:15",NULL,NULL
683,"powderful",NULL,"odor","2011-11-25 20:32:16","2011-11-25 20:32:16",NULL,NULL
684,"powdery",NULL,"odor","2011-11-25 20:32:16","2011-11-25 20:32:16",NULL,NULL
685,"powerful",NULL,"odor","2011-11-25 20:32:16","2011-11-25 20:32:16",NULL,NULL
686,"privet",NULL,"odor","2011-11-25 20:32:16","2011-11-25 20:32:16",NULL,NULL
687,"privet blossom",NULL,"odor","2011-11-25 20:32:16","2011-11-25 20:32:16",NULL,NULL
688,"profarnesal",NULL,"odor","2011-11-25 20:32:16","2011-11-25 20:32:16",NULL,NULL
689,"propionic",NULL,"odor","2011-11-25 20:32:17","2011-11-25 20:32:17",NULL,NULL
690,"pulpy",NULL,"odor","2011-11-25 20:32:17","2011-11-25 20:32:17",NULL,NULL
691,"pumpkin",NULL,"odor","2011-11-25 20:32:19","2011-11-25 20:32:19",NULL,NULL
692,"pyrazine",NULL,"odor","2011-11-25 20:32:19","2011-11-25 20:32:19",NULL,NULL
693,"pyridine",NULL,"odor","2011-11-25 20:32:19","2011-11-25 20:32:19",NULL,NULL
694,"radiant",NULL,"odor","2011-11-25 20:32:20","2011-11-25 20:32:20",NULL,NULL
695,"radish",NULL,"odor","2011-11-25 20:32:20","2011-11-25 20:32:20",NULL,NULL
696,"raisin",NULL,"odor","2011-11-25 20:32:20","2011-11-25 20:32:20",NULL,NULL
697,"raw",NULL,"odor","2011-11-25 20:32:20","2011-11-25 20:32:20",NULL,NULL
698,"red cedar",NULL,"odor","2011-11-25 20:32:20","2011-11-25 20:32:20",NULL,NULL
699,"red fruit",NULL,"odor","2011-11-25 20:32:21","2011-11-25 20:32:21",NULL,NULL
700,"red hots",NULL,"odor","2011-11-25 20:32:21","2011-11-25 20:32:21",NULL,NULL
701,"red rose",NULL,"odor","2011-11-25 20:32:21","2011-11-25 20:32:21",NULL,NULL
702,"repulsive",NULL,"odor","2011-11-25 20:32:21","2011-11-25 20:32:21",NULL,NULL
703,"reseda",NULL,"odor","2011-11-25 20:32:21","2011-11-25 20:32:21",NULL,NULL
704,"resinous",NULL,"odor","2011-11-25 20:32:21","2011-11-25 20:32:21",NULL,NULL
705,"rhodinol",NULL,"odor","2011-11-25 20:32:22","2011-11-25 20:32:22",NULL,NULL
706,"rhubarb",NULL,"odor","2011-11-25 20:32:22","2011-11-25 20:32:22",NULL,NULL
707,"rich",NULL,"odor","2011-11-25 20:32:22","2011-11-25 20:32:22",NULL,NULL
708,"ricotta",NULL,"odor","2011-11-25 20:32:22","2011-11-25 20:32:22",NULL,NULL
709,"ripe",NULL,"odor","2011-11-25 20:32:22","2011-11-25 20:32:22",NULL,NULL
710,"ripe apricot",NULL,"odor","2011-11-25 20:32:22","2011-11-25 20:32:22",NULL,NULL
711,"roasted",NULL,"odor","2011-11-25 20:32:23","2011-11-25 20:32:23",NULL,NULL
712,"roasted almonds",NULL,"odor","2011-11-25 20:32:23","2011-11-25 20:32:23",NULL,NULL
713,"roasted in sugar syrup",NULL,"odor","2011-11-25 20:32:23","2011-11-25 20:32:23",NULL,NULL
714,"roasted nuts",NULL,"odor","2011-11-25 20:32:23","2011-11-25 20:32:23",NULL,NULL
715,"roasted peanut",NULL,"odor","2011-11-25 20:32:23","2011-11-25 20:32:23",NULL,NULL
716,"roasted peanuts",NULL,"odor","2011-11-25 20:32:24","2011-11-25 20:32:24",NULL,NULL
717,"romano",NULL,"odor","2011-11-25 20:32:24","2011-11-25 20:32:24",NULL,NULL
718,"root",NULL,"odor","2011-11-25 20:32:24","2011-11-25 20:32:24",NULL,NULL
719,"rootbeer",NULL,"odor","2011-11-25 20:32:24","2011-11-25 20:32:24",NULL,NULL
720,"rooty",NULL,"odor","2011-11-25 20:32:24","2011-11-25 20:32:24",NULL,NULL
721,"roquefort cheese",NULL,"odor","2011-11-25 20:32:24","2011-11-25 20:32:24",NULL,NULL
722,"rose acetate",NULL,"odor","2011-11-25 20:32:25","2011-11-25 20:32:25",NULL,NULL
723,"rose bud",NULL,"odor","2011-11-25 20:32:25","2011-11-25 20:32:25",NULL,NULL
724,"rose de mai",NULL,"odor","2011-11-25 20:32:25","2011-11-25 20:32:25",NULL,NULL
725,"rose dried",NULL,"odor","2011-11-25 20:32:25","2011-11-25 20:32:25",NULL,NULL
726,"rose flower",NULL,"odor","2011-11-25 20:32:25","2011-11-25 20:32:25",NULL,NULL
727,"rose oxide",NULL,"odor","2011-11-25 20:32:25","2011-11-25 20:32:25",NULL,NULL
728,"rose petals",NULL,"odor","2011-11-25 20:32:25","2011-11-25 20:32:25",NULL,NULL
729,"rose water",NULL,"odor","2011-11-25 20:32:26","2011-11-25 20:32:26",NULL,NULL
730,"rosemary",NULL,"odor","2011-11-25 20:32:26","2011-11-25 20:32:26",NULL,NULL
731,"rosy",NULL,"odor","2011-11-25 20:32:26","2011-11-25 20:32:26",NULL,NULL
732,"rotten",NULL,"odor","2011-11-25 20:32:26","2011-11-25 20:32:26",NULL,NULL
733,"rotting",NULL,"odor","2011-11-25 20:32:26","2011-11-25 20:32:26",NULL,NULL
734,"rubbery",NULL,"odor","2011-11-25 20:32:26","2011-11-25 20:32:26",NULL,NULL
735,"rue",NULL,"odor","2011-11-25 20:32:27","2011-11-25 20:32:27",NULL,NULL
736,"rummy",NULL,"odor","2011-11-25 20:32:27","2011-11-25 20:32:27",NULL,NULL
737,"russian",NULL,"odor","2011-11-25 20:32:27","2011-11-25 20:32:27",NULL,NULL
738,"rye",NULL,"odor","2011-11-25 20:32:27","2011-11-25 20:32:27",NULL,NULL
739,"saffron",NULL,"odor","2011-11-25 20:32:27","2011-11-25 20:32:27",NULL,NULL
740,"salicylate",NULL,"odor","2011-11-25 20:32:28","2011-11-25 20:32:28",NULL,NULL
741,"salmon",NULL,"odor","2011-11-25 20:32:28","2011-11-25 20:32:28",NULL,NULL
742,"salt",NULL,"odor","2011-11-25 20:32:28","2011-11-25 20:32:28",NULL,NULL
743,"sandal",NULL,"odor","2011-11-25 20:32:28","2011-11-25 20:32:28",NULL,NULL
744,"sandalwood",NULL,"odor","2011-11-25 20:32:28","2011-11-25 20:32:28",NULL,NULL
745,"sandy",NULL,"odor","2011-11-25 20:32:28","2011-11-25 20:32:28",NULL,NULL
746,"sap",NULL,"odor","2011-11-25 20:32:28","2011-11-25 20:32:28",NULL,NULL
747,"sappy",NULL,"odor","2011-11-25 20:32:29","2011-11-25 20:32:29",NULL,NULL
748,"sarsaparilla",NULL,"odor","2011-11-25 20:32:29","2011-11-25 20:32:29",NULL,NULL
749,"sassafrass",NULL,"odor","2011-11-25 20:32:29","2011-11-25 20:32:29",NULL,NULL
750,"sausage",NULL,"odor","2011-11-25 20:32:29","2011-11-25 20:32:29",NULL,NULL
751,"savory",NULL,"odor","2011-11-25 20:32:29","2011-11-25 20:32:29",NULL,NULL
752,"sawdust",NULL,"odor","2011-11-25 20:32:29","2011-11-25 20:32:29",NULL,NULL
753,"sawen",NULL,"odor","2011-11-25 20:32:29","2011-11-25 20:32:29",NULL,NULL
754,"scallion",NULL,"odor","2011-11-25 20:32:30","2011-11-25 20:32:30",NULL,NULL
755,"sea",NULL,"odor","2011-11-25 20:32:30","2011-11-25 20:32:30",NULL,NULL
756,"sea breeze",NULL,"odor","2011-11-25 20:32:30","2011-11-25 20:32:30",NULL,NULL
757,"seafood",NULL,"odor","2011-11-25 20:32:30","2011-11-25 20:32:30",NULL,NULL
758,"seashell",NULL,"odor","2011-11-25 20:32:30","2011-11-25 20:32:30",NULL,NULL
759,"seashore",NULL,"odor","2011-11-25 20:32:30","2011-11-25 20:32:30",NULL,NULL
760,"seaside",NULL,"odor","2011-11-25 20:32:30","2011-11-25 20:32:30",NULL,NULL
761,"sensual",NULL,"odor","2011-11-25 20:32:31","2011-11-25 20:32:31",NULL,NULL
762,"shellfish",NULL,"odor","2011-11-25 20:32:31","2011-11-25 20:32:31",NULL,NULL
763,"shrimp",NULL,"odor","2011-11-25 20:32:31","2011-11-25 20:32:31",NULL,NULL
764,"sick",NULL,"odor","2011-11-25 20:32:31","2011-11-25 20:32:31",NULL,NULL
765,"sickening",NULL,"odor","2011-11-25 20:32:31","2011-11-25 20:32:31",NULL,NULL
766,"skunk",NULL,"odor","2011-11-25 20:32:32","2011-11-25 20:32:32",NULL,NULL
767,"skunky",NULL,"odor","2011-11-25 20:32:32","2011-11-25 20:32:32",NULL,NULL
768,"slight",NULL,"odor","2011-11-25 20:32:32","2011-11-25 20:32:32",NULL,NULL
769,"slightly ethereal",NULL,"odor","2011-11-25 20:32:32","2011-11-25 20:32:32",NULL,NULL
770,"slightly fruity",NULL,"odor","2011-11-25 20:32:32","2011-11-25 20:32:32",NULL,NULL
771,"slightly metallic",NULL,"odor","2011-11-25 20:32:32","2011-11-25 20:32:32",NULL,NULL
772,"slightly roasted nut",NULL,"odor","2011-11-25 20:32:32","2011-11-25 20:32:32",NULL,NULL
773,"slightly rose",NULL,"odor","2011-11-25 20:32:33","2011-11-25 20:32:33",NULL,NULL
774,"slightly waxy",NULL,"odor","2011-11-25 20:32:33","2011-11-25 20:32:33",NULL,NULL
775,"smoked",NULL,"odor","2011-11-25 20:32:33","2011-11-25 20:32:33",NULL,NULL
776,"soft",NULL,"odor","2011-11-25 20:32:33","2011-11-25 20:32:33",NULL,NULL
777,"soil",NULL,"odor","2011-11-25 20:32:34","2011-11-25 20:32:34",NULL,NULL
778,"soup",NULL,"odor","2011-11-25 20:32:34","2011-11-25 20:32:34",NULL,NULL
779,"soupy",NULL,"odor","2011-11-25 20:32:34","2011-11-25 20:32:34",NULL,NULL
780,"soybean",NULL,"odor","2011-11-25 20:32:34","2011-11-25 20:32:34",NULL,NULL
781,"spring",NULL,"odor","2011-11-25 20:32:35","2011-11-25 20:32:35",NULL,NULL
782,"stem",NULL,"odor","2011-11-25 20:32:35","2011-11-25 20:32:35",NULL,NULL
783,"stinky",NULL,"odor","2011-11-25 20:32:35","2011-11-25 20:32:35",NULL,NULL
784,"storax",NULL,"odor","2011-11-25 20:32:35","2011-11-25 20:32:35",NULL,NULL
785,"strong",NULL,"odor","2011-11-25 20:32:35","2011-11-25 20:32:35",NULL,NULL
786,"styrax",NULL,"odor","2011-11-25 20:32:36","2011-11-25 20:32:36",NULL,NULL
787,"styrene",NULL,"odor","2011-11-25 20:32:36","2011-11-25 20:32:36",NULL,NULL
788,"sugar",NULL,"odor","2011-11-25 20:32:36","2011-11-25 20:32:36",NULL,NULL
789,"sulfide",NULL,"odor","2011-11-25 20:32:36","2011-11-25 20:32:36",NULL,NULL
790,"sulfury",NULL,"odor","2011-11-25 20:32:36","2011-11-25 20:32:36",NULL,NULL
791,"sweaty",NULL,"odor","2011-11-25 20:32:37","2011-11-25 20:32:37",NULL,NULL
792,"sweet corn",NULL,"odor","2011-11-25 20:32:37","2011-11-25 20:32:37",NULL,NULL
793,"syrup",NULL,"odor","2011-11-25 20:32:37","2011-11-25 20:32:37",NULL,NULL
794,"taco",NULL,"odor","2011-11-25 20:32:37","2011-11-25 20:32:37",NULL,NULL
795,"tagette",NULL,"odor","2011-11-25 20:32:37","2011-11-25 20:32:37",NULL,NULL
796,"tangerine",NULL,"odor","2011-11-25 20:32:37","2011-11-25 20:32:37",NULL,NULL
797,"tangy",NULL,"odor","2011-11-25 20:32:38","2011-11-25 20:32:38",NULL,NULL
798,"tarragon",NULL,"odor","2011-11-25 20:32:38","2011-11-25 20:32:38",NULL,NULL
799,"tarry",NULL,"odor","2011-11-25 20:32:38","2011-11-25 20:32:38",NULL,NULL
800,"terpene",NULL,"odor","2011-11-25 20:32:38","2011-11-25 20:32:38",NULL,NULL
801,"terpenic",NULL,"odor","2011-11-25 20:32:38","2011-11-25 20:32:38",NULL,NULL
802,"terpineol",NULL,"odor","2011-11-25 20:32:39","2011-11-25 20:32:39",NULL,NULL
803,"thiamine",NULL,"odor","2011-11-25 20:32:39","2011-11-25 20:32:39",NULL,NULL
804,"thuja",NULL,"odor","2011-11-25 20:32:39","2011-11-25 20:32:39",NULL,NULL
805,"thujone",NULL,"odor","2011-11-25 20:32:39","2011-11-25 20:32:39",NULL,NULL
806,"thymol",NULL,"odor","2011-11-25 20:32:39","2011-11-25 20:32:39",NULL,NULL
807,"toasted",NULL,"odor","2011-11-25 20:32:40","2011-11-25 20:32:40",NULL,NULL
808,"tobacco-leaf",NULL,"odor","2011-11-25 20:32:40","2011-11-25 20:32:40",NULL,NULL
809,"toffee",NULL,"odor","2011-11-25 20:32:40","2011-11-25 20:32:40",NULL,NULL
810,"tolu",NULL,"odor","2011-11-25 20:32:40","2011-11-25 20:32:40",NULL,NULL
811,"toluene",NULL,"odor","2011-11-25 20:32:40","2011-11-25 20:32:40",NULL,NULL
812,"tonka",NULL,"odor","2011-11-25 20:32:41","2011-11-25 20:32:41",NULL,NULL
813,"tree",NULL,"odor","2011-11-25 20:32:41","2011-11-25 20:32:41",NULL,NULL
814,"tropical",NULL,"odor","2011-11-25 20:32:41","2011-11-25 20:32:41",NULL,NULL
815,"tropical fruit",NULL,"odor","2011-11-25 20:32:41","2011-11-25 20:32:41",NULL,NULL
816,"tuberose",NULL,"odor","2011-11-25 20:32:41","2011-11-25 20:32:41",NULL,NULL
817,"turnup",NULL,"odor","2011-11-25 20:32:41","2011-11-25 20:32:41",NULL,NULL
818,"tutti frutti",NULL,"odor","2011-11-25 20:32:42","2011-11-25 20:32:42",NULL,NULL
819,"umami",NULL,"odor","2011-11-25 20:32:42","2011-11-25 20:32:42",NULL,NULL
820,"undecatriene",NULL,"odor","2011-11-25 20:32:42","2011-11-25 20:32:42",NULL,NULL
821,"undecylenic",NULL,"odor","2011-11-25 20:32:42","2011-11-25 20:32:42",NULL,NULL
822,"undergrowth",NULL,"odor","2011-11-25 20:32:42","2011-11-25 20:32:42",NULL,NULL
823,"unpleasant",NULL,"odor","2011-11-25 20:32:42","2011-11-25 20:32:42",NULL,NULL
824,"unripe banana",NULL,"odor","2011-11-25 20:32:42","2011-11-25 20:32:42",NULL,NULL
825,"unripe fruit",NULL,"odor","2011-11-25 20:32:43","2011-11-25 20:32:43",NULL,NULL
826,"unripe plum",NULL,"odor","2011-11-25 20:32:43","2011-11-25 20:32:43",NULL,NULL
827,"valerian",NULL,"odor","2011-11-25 20:32:43","2011-11-25 20:32:43",NULL,NULL
828,"valeric",NULL,"odor","2011-11-25 20:32:43","2011-11-25 20:32:43",NULL,NULL
829,"vanillin",NULL,"odor","2011-11-25 20:32:43","2011-11-25 20:32:43",NULL,NULL
830,"vegetable skin",NULL,"odor","2011-11-25 20:32:44","2011-11-25 20:32:44",NULL,NULL
831,"velvety",NULL,"odor","2011-11-25 20:32:44","2011-11-25 20:32:44",NULL,NULL
832,"verbena",NULL,"odor","2011-11-25 20:32:44","2011-11-25 20:32:44",NULL,NULL
833,"very faint",NULL,"odor","2011-11-25 20:32:44","2011-11-25 20:32:44",NULL,NULL
834,"very intense",NULL,"odor","2011-11-25 20:32:44","2011-11-25 20:32:44",NULL,NULL
835,"very mild",NULL,"odor","2011-11-25 20:32:44","2011-11-25 20:32:44",NULL,NULL
836,"very slight",NULL,"odor","2011-11-25 20:32:44","2011-11-25 20:32:44",NULL,NULL
837,"very strong",NULL,"odor","2011-11-25 20:32:45","2011-11-25 20:32:45",NULL,NULL
838,"very sweet",NULL,"odor","2011-11-25 20:32:45","2011-11-25 20:32:45",NULL,NULL
839,"vetiver",NULL,"odor","2011-11-25 20:32:45","2011-11-25 20:32:45",NULL,NULL
840,"vetiver acetate",NULL,"odor","2011-11-25 20:32:45","2011-11-25 20:32:45",NULL,NULL
841,"vine",NULL,"odor","2011-11-25 20:32:45","2011-11-25 20:32:45",NULL,NULL
842,"vinegar",NULL,"odor","2011-11-25 20:32:45","2011-11-25 20:32:45",NULL,NULL
843,"vinous",NULL,"odor","2011-11-25 20:32:45","2011-11-25 20:32:45",NULL,NULL
844,"violet-leaf",NULL,"odor","2011-11-25 20:32:46","2011-11-25 20:32:46",NULL,NULL
845,"wasabi",NULL,"odor","2011-11-25 20:32:46","2011-11-25 20:32:46",NULL,NULL
846,"watercress",NULL,"odor","2011-11-25 20:32:46","2011-11-25 20:32:46",NULL,NULL
847,"watery",NULL,"odor","2011-11-25 20:32:47","2011-11-25 20:32:47",NULL,NULL
848,"waxy",NULL,"odor","2011-11-25 20:32:47","2011-11-25 20:32:47",NULL,NULL
849,"weak",NULL,"odor","2011-11-25 20:32:47","2011-11-25 20:32:47",NULL,NULL
850,"weedy",NULL,"odor","2011-11-25 20:32:47","2011-11-25 20:32:47",NULL,NULL
851,"wet",NULL,"odor","2011-11-25 20:32:47","2011-11-25 20:32:47",NULL,NULL
852,"wild",NULL,"odor","2011-11-25 20:32:48","2011-11-25 20:32:48",NULL,NULL
853,"wine-lee",NULL,"odor","2011-11-25 20:32:48","2011-11-25 20:32:48",NULL,NULL
854,"winey",NULL,"odor","2011-11-25 20:32:48","2011-11-25 20:32:48",NULL,NULL
855,"yeasty",NULL,"odor","2011-11-25 20:32:49","2011-11-25 20:32:49",NULL,NULL
856,"ylang",NULL,"odor","2011-11-25 20:32:49","2011-11-25 20:32:49",NULL,NULL
